RecordedDate,song1,song2,song3,song4,song5,song6,song7,song8,song9,song10,song11,song12,song13,song14,song15,song16,song17,song18,song19,song20,song21,song22,song23,song24,song25,song26,song27,song28,song29,song30,song31,song32,song33,song34,song35,song36,song37,song38,ATTCHECK,ATTCHECK.r,song39,song40,song41,song42,song43,song44,song45,song46,song47,song48,song49,song50,CHOICE,describe,certain.liking,age,gender,gender‎‎.selfdescribe,OPTIONS
9/22/21 7:38,2,1,1,1,2,1,2,2,1,1,1,1,2,1,1,1,2,1,1,2,2,2,1,1,2,1,1,1,1,1,2,2,2,1,2,2,1,2,1,0,1,1,1,2,1,2,2,1,2,2,1,2,2,They were dancing,5,20,0,,22
9/22/21 7:41,1,2,1,1,1,1,1,1,1,1,2,1,1,1,1,2,1,1,1,1,1,1,2,2,1,2,2,1,1,1,1,1,1,1,1,2,1,2,1,0,1,2,1,1,1,1,1,1,1,2,1,1,2,"It was a political message almost at the beginnings, and then it was The Chicks singing and dances.",5,20,0,,11
9/22/21 8:00,2,2,2,2,2,1,2,1,2,1,1,1,1,1,2,1,1,2,1,1,1,2,1,1,2,1,1,2,2,1,2,1,1,2,1,1,2,2,1,0,1,1,2,1,2,2,1,1,1,1,2,1,2,Gotye as the main character in the mv and some art painting,6,21,0,,21
9/22/21 8:01,2,1,1,2,1,1,1,1,1,1,2,1,2,1,2,1,2,1,1,2,2,1,1,1,2,1,1,2,2,1,1,2,1,2,2,1,1,1,1,0,1,1,2,2,2,2,1,2,1,1,1,2,1,As the song goes up multiple scenes of emienms life shows up,7,21,1,,20
9/22/21 8:03,1,2,2,1,2,2,2,1,2,1,2,2,2,2,2,1,1,2,2,2,2,2,2,2,2,2,2,2,2,1,2,2,1,1,2,1,2,1,1,0,1,2,1,2,2,2,2,2,2,2,2,2,2,The screen remained the same red with a one in the middle,2,19,0,,37
9/22/21 8:10,2,1,1,2,2,1,1,2,1,1,2,1,2,1,1,1,2,1,1,1,2,2,1,1,2,1,2,1,2,2,2,1,1,1,1,1,2,2,1,0,1,1,1,2,2,1,2,2,1,2,1,2,2,It was a music video for one of the songs I chose I would listen to.,4,20,1,,22
9/22/21 9:01,1,2,1,1,2,2,1,2,2,1,1,2,2,2,2,1,1,1,1,1,2,2,1,1,1,1,2,1,1,1,1,1,1,1,2,1,2,1,1,0,1,2,1,2,1,2,2,1,1,2,1,1,1,Taylor Swift danced with multiple different people while singing.,5,19,1,,19
9/22/21 9:01,2,2,1,1,1,1,1,2,1,1,2,1,2,2,2,1,2,1,1,2,1,1,2,1,2,2,2,2,2,1,2,2,1,2,1,1,1,2,1,0,1,1,2,1,2,1,1,2,2,2,2,2,2,Rihanna does a lot of dancing in the video with the use of an Umbrella.,4,22,1,,26
9/22/21 9:15,2,2,2,2,2,1,1,1,2,2,2,2,2,2,2,1,2,2,2,2,2,2,2,2,2,2,2,2,2,2,2,2,2,2,2,2,2,2,1,0,1,1,2,2,2,2,2,2,2,2,2,2,2,it was a picture of Selena gomez and it had the lyrics of the song,5,22,0,,44
9/22/21 10:38,1,2,1,1,1,2,2,2,2,1,2,1,2,2,2,1,1,2,1,1,1,1,1,1,2,2,2,2,2,1,2,2,1,1,1,1,1,1,1,0,1,2,1,2,1,1,2,2,2,2,1,2,2,"Lil Nas X showed up in an urban neighborhood looking very country and out of place. But then, Billy Ray Cyrus came and took him to a country place in the town where they performed for a line dancing crowd.",6,19,0,,24
9/22/21 11:05,1,2,2,1,2,2,2,2,2,2,2,2,2,2,2,1,2,2,2,1,2,2,2,2,2,2,2,2,2,2,2,2,1,2,2,2,1,2,1,0,2,2,2,2,2,2,2,2,2,2,2,2,2,Eminem was walking around and it combined his music video and the story of his life that was in the movie about his life.,4,19,0,,44
9/22/21 11:22,1,1,1,1,2,1,1,2,2,1,1,1,2,2,2,1,2,2,2,2,2,2,1,1,1,1,2,1,2,1,2,2,1,1,2,1,1,2,1,0,1,1,1,1,1,1,2,1,1,1,2,2,2,"in the music video, adele was singing about trying to reach back to an old lover and apologize about the wrong she had done by them but they are never home or will pick up the phone. in the music video, it also was showing flashbacks of adele and her lover from when everything was all good between them.",4,21,0,,21
9/22/21 11:47,1,1,1,1,2,1,1,1,1,1,2,1,1,1,1,1,1,1,1,1,1,1,2,2,2,2,1,2,2,1,1,1,1,1,1,1,1,1,1,0,1,1,2,2,1,1,1,1,1,1,2,1,2,I have watched the video before hence why I skipped it. But all Country music videos have the same themes or hardy-story which leads to a red solo cup and party scene.,3,20,0,,11
9/22/21 12:20,1,1,2,2,1,2,1,2,1,1,2,1,1,1,2,1,1,1,1,1,1,1,1,1,2,2,1,1,2,1,1,2,1,1,2,1,2,1,1,0,2,1,2,2,1,1,1,1,1,2,1,1,1,Miley sang,6,19,0,,16
9/22/21 12:21,2,1,2,2,2,2,2,2,2,2,2,1,2,2,2,2,2,2,2,2,1,2,2,1,2,1,2,2,2,2,2,2,2,2,2,2,2,1,1,0,2,2,2,2,2,2,2,2,2,2,2,2,1,She was trying to show that the boy was going to call her,6,19,1,,44
9/22/21 12:22,1,2,1,1,2,2,1,2,2,1,1,1,2,1,1,1,1,1,1,1,1,1,1,1,2,2,1,2,2,1,2,1,1,1,1,1,1,1,1,0,2,1,1,2,1,1,2,1,1,1,2,1,1,she sang,7,22,1,,15
9/22/21 12:27,1,2,2,2,1,2,1,2,2,1,1,1,1,2,2,1,1,1,1,2,2,2,1,1,2,1,2,1,1,1,2,1,1,1,1,2,2,2,1,0,1,2,2,1,1,1,1,2,1,1,1,1,2,"I watched harry styles in his music video ""adore you"" and it was kind of boring",7,19,0,,20
9/22/21 12:28,2,1,1,2,1,1,1,2,1,1,2,1,2,2,2,1,2,2,2,1,2,1,2,1,1,2,2,1,1,1,2,2,1,2,1,2,1,1,1,0,1,1,1,1,1,1,1,2,1,1,1,1,2,The music video had a lot of different scenes from cars to basketball. As the lyrics were sang the scenes in the video matched with what was being said.,5,20,1,,19
9/22/21 12:32,1,1,1,1,1,1,1,1,2,1,1,1,1,1,2,1,2,1,1,2,2,2,2,1,1,1,1,2,2,1,2,2,1,2,1,1,1,1,1,0,1,1,2,1,2,1,1,2,1,2,1,1,1,"Roddy Ricch flaunted money, skill, and status through multiple popular forms of entertainment.",7,19,1,,16
9/22/21 12:48,1,2,2,2,2,2,2,2,1,2,2,2,2,2,2,1,1,2,2,2,2,2,1,2,1,2,2,2,2,1,2,2,2,2,2,2,2,2,1,0,1,1,2,2,2,1,2,1,2,2,2,2,2,"The spice girls were what in appeared to be a hotel, making a rukous and challenging the status quo.",5,20,1,,39
9/22/21 13:17,2,1,1,2,2,1,2,2,1,1,1,1,2,1,2,1,2,1,2,2,2,1,1,1,1,1,1,1,1,1,2,2,2,1,1,1,1,1,1,0,1,1,2,1,1,1,1,1,1,1,2,1,2,They were singing and dancing,7,21,1,,16
9/22/21 13:27,2,2,2,2,1,1,2,2,1,1,2,1,2,1,1,1,2,2,2,2,1,2,2,1,1,2,1,2,1,1,1,2,1,2,2,1,2,1,1,0,1,1,2,2,2,2,1,2,2,1,1,2,2,photo with lyrics and music,5,20,1,,27
9/22/21 13:38,1,1,1,1,1,1,1,1,1,1,2,1,2,2,2,1,1,1,1,1,1,2,1,1,1,1,2,1,1,1,2,1,1,1,2,1,1,1,1,0,1,1,1,1,1,1,2,1,1,2,1,1,2,She was in a cheer uniform going to different places.,5,20,0,,10
9/22/21 13:51,2,2,1,1,2,2,1,1,1,2,1,1,1,2,1,1,2,1,1,1,2,1,1,2,2,2,2,1,1,1,2,2,2,1,1,2,1,1,1,0,1,1,2,1,1,1,1,1,1,1,2,1,1,"not really sure, one point they were in cars, then he was on a mattress, then in a boxed room?",3,19,0,,18
9/22/21 14:15,2,2,1,2,2,2,1,2,2,2,2,1,2,2,2,1,2,1,2,2,2,1,1,1,2,2,2,2,2,2,2,2,2,2,2,2,2,2,1,0,2,2,2,2,2,2,2,2,1,2,2,2,2,"There were several girls dancing to the song ""Sorry"" in clothes that could be described as neon and bright, but also with black and fishnet style clothing.",4,19,0,,41
9/22/21 14:25,2,1,1,2,1,1,1,2,1,2,2,1,2,1,1,1,2,2,1,1,2,1,2,1,1,2,1,2,2,1,1,1,1,2,1,1,1,1,1,0,1,1,2,1,1,1,1,1,2,1,1,1,1,"There were lots of people smoking weed, and there were lots of different people in different circumstances. All from different ages. Sometimes the actions of the characters would line up with the lyrics but other times their actions would be quite random. Also a common setting for all character was in the car, listing to the radio, singing tiny dancer.",5,19,1,,16
9/22/21 14:29,2,1,1,1,2,1,1,1,2,1,1,1,1,2,2,1,1,2,2,1,1,2,1,1,1,1,1,2,1,1,1,1,1,1,2,2,2,2,1,0,1,1,1,2,1,2,1,1,1,1,1,2,2,"A girl finally get her drivers license, but she already broke up with the boy who said will ride with her. She knows that everyone is imperfect, but when she actually broke up with the boy, she feels sadder than she thought she will be before.",2,20,0,,16
9/22/21 15:21,2,1,1,1,1,1,1,2,1,1,2,1,2,1,2,1,2,1,1,1,2,1,1,1,1,1,1,2,2,1,2,2,1,2,1,1,1,1,1,0,1,1,2,1,2,1,1,1,1,1,2,1,2,Kanye West walked up to a piano and started to play it and as he was playing it and rapping a big group of ballerinas were dancing. There was also a long table with people sitting at it.,3,20,1,,15
9/22/21 16:56,1,1,1,1,2,1,1,1,1,1,2,1,1,1,1,1,1,1,2,1,1,1,1,1,2,2,1,2,2,2,1,1,1,1,1,1,1,1,1,0,2,1,2,1,2,1,1,2,1,1,1,1,2,A lot of futuristic edits which was cool!,4,20,1,,12
9/22/21 17:33,1,1,1,2,2,1,1,1,1,1,2,1,2,1,1,1,2,2,2,2,2,1,2,1,1,2,1,1,2,2,2,2,2,2,2,2,2,1,1,0,1,1,1,2,1,2,2,2,1,2,2,1,2,People dancing,4,20,1,,26
9/22/21 18:05,1,2,2,2,2,2,1,2,2,2,1,1,1,2,1,1,1,1,1,1,1,2,1,1,2,1,1,1,1,1,1,1,1,1,1,2,1,2,1,0,1,1,1,2,1,1,2,1,1,1,1,1,2,Adele was in an old house.,5,21,0,,15
9/22/21 18:07,1,2,2,2,2,2,1,2,1,2,1,1,2,1,1,1,1,2,2,1,2,2,1,2,2,2,2,2,2,1,1,1,1,1,1,1,2,1,1,0,1,1,2,1,1,1,1,1,1,2,2,1,2,-,3,20,0,,22
9/22/21 18:49,2,1,1,2,1,1,1,1,1,1,2,1,2,1,1,1,2,2,2,2,1,1,1,2,2,1,1,2,2,1,2,2,1,2,2,1,2,2,1,0,1,1,2,2,1,2,2,2,2,2,2,2,1,Sia or the little girl dancing around within a room.,5,19,1,,27
9/22/21 19:32,2,1,1,1,2,2,1,2,2,1,2,1,2,2,1,1,2,2,1,1,2,1,1,2,2,2,2,1,1,1,2,2,1,2,2,1,1,1,1,0,1,1,2,1,2,1,2,2,2,2,1,2,2,An artistically edited and produced video that comments and captures events.,2,20,0,,26
9/22/21 19:33,2,1,2,1,2,1,1,2,2,2,1,1,2,2,2,1,2,1,1,1,1,1,1,1,2,2,2,2,2,1,2,1,2,1,1,1,2,1,1,0,1,1,2,2,1,1,2,1,1,1,2,2,1,singing and dancing around outside,5,20,0,,23
9/22/21 21:40,1,2,1,2,2,1,1,2,2,1,2,1,2,2,2,1,1,1,1,1,2,2,1,1,2,1,2,1,1,1,1,1,2,1,1,1,1,2,1,0,1,1,1,2,1,1,1,1,1,1,1,1,2,Everyone was dancing and having a good time while floating in space,5,20,0,,16
9/22/21 22:09,1,2,2,2,2,2,2,2,2,2,2,1,2,2,1,2,2,2,2,2,2,2,1,2,2,1,2,2,2,1,2,2,2,2,2,2,2,2,1,0,1,2,2,2,2,2,2,2,2,2,2,2,2,"Kesha woke up watch her family eat breakfast, road around in a bike, and there was a lot of confettis",3,21,0,,43
9/22/21 22:39,2,1,1,2,1,1,2,1,1,2,2,1,2,1,2,1,1,1,1,1,2,1,2,1,2,2,1,2,2,1,2,2,1,2,1,2,2,1,1,0,1,1,2,2,1,1,1,2,1,1,2,1,1,Umbrella was singing and dancing while there were many special effects.,5,20,1,,22
9/23/21 7:07,2,1,1,1,1,1,1,1,1,2,2,1,1,1,1,1,1,1,1,2,1,1,1,1,2,2,2,1,2,2,2,2,1,2,1,1,1,1,1,0,1,1,1,2,1,2,1,1,1,1,2,2,2,"It was just a bunch of random people dancing in all kinds of places--the street, the store, etc. There were a few famous people (Jimmy Kimmel? and Michael Scott of The Office)",3,21,0,,16
9/23/21 7:34,2,1,1,2,1,1,1,1,1,2,2,1,2,1,2,1,2,2,2,2,2,1,1,1,1,1,2,1,1,1,1,1,1,2,1,2,1,1,1,0,1,1,1,1,1,1,1,1,1,1,1,1,1,The music video was essentially scenes from the movie and in between some scenes from the movie they were on the stage singing.,6,19,1,,14
9/23/21 8:10,1,1,1,1,1,1,1,1,1,1,2,1,1,1,1,1,2,1,1,1,1,1,1,1,2,2,1,2,1,2,1,1,1,1,1,1,1,1,1,0,1,1,2,1,1,1,1,1,1,1,1,1,2,There were many ballerinas dancing around Kanye as he played the piano.,5,20,1,,7
9/23/21 9:22,1,1,1,1,1,1,1,1,1,1,2,1,2,1,1,1,1,1,1,1,1,1,1,1,1,2,1,2,2,1,1,1,1,1,1,1,1,1,1,0,1,1,1,1,1,1,1,1,1,1,1,1,2,a guy drove around in a car,5,21,1,,5
9/23/21 10:19,2,1,1,1,1,1,1,2,1,1,2,1,1,1,1,1,1,1,1,1,1,1,1,1,1,1,1,1,2,1,2,1,1,1,1,1,1,2,1,0,1,1,1,1,1,1,1,1,1,1,1,1,1,"country music, bonfire, dancing",6,19,0,,6
9/23/21 10:32,1,1,1,1,1,1,1,1,1,1,1,1,1,1,1,1,1,1,1,1,1,1,1,1,1,1,1,1,1,1,1,1,1,1,1,1,1,1,1,0,1,1,1,1,1,1,1,1,1,1,1,1,,,,,,,0
9/23/21 10:59,2,1,1,2,2,1,2,2,2,2,1,1,1,1,1,1,1,2,2,2,1,2,1,1,1,1,1,2,2,1,2,1,1,2,2,2,1,2,1,0,1,1,2,2,2,2,2,2,1,1,1,2,1,Christmas day performance,7,20,1,,25
9/23/21 11:00,2,2,1,1,2,1,1,2,2,1,2,1,2,1,2,1,2,2,2,1,2,1,1,1,1,1,2,1,2,1,2,2,1,2,1,1,1,1,1,0,1,1,2,1,2,1,2,2,1,2,1,1,2,A mix of dancing and close shots of the main singing groups vocal team singing,3,22,1,,22
9/23/21 12:26,1,1,1,1,1,1,1,1,1,1,2,1,1,1,2,1,2,1,1,1,1,1,2,1,2,2,1,2,2,2,1,2,1,2,1,1,1,1,1,0,1,1,2,1,1,1,1,1,1,1,1,1,2,U2 was stinding in a dark room and singing their song with guitars,5,19,1,,12
9/23/21 12:34,2,1,1,2,2,1,1,1,1,2,1,1,2,2,2,1,2,2,2,2,2,1,1,1,2,1,2,2,2,1,2,2,2,2,2,1,2,1,1,0,1,1,2,2,2,2,2,2,1,2,1,2,2,It shows a crime neighborhood and shows the police then changes to dancing during the song,5,20,1,,30
9/23/21 15:36,1,2,1,1,1,1,1,2,2,1,2,1,1,2,2,2,2,1,1,1,2,2,2,1,1,2,2,2,2,1,2,2,1,2,2,2,1,1,1,0,1,2,2,2,1,1,2,2,2,2,1,1,1,"She danced, had a pony, and had men sing with cool suits.",7,18,0,,27
9/23/21 20:48,1,1,1,1,2,1,1,2,2,1,1,1,2,2,1,1,2,1,1,1,2,2,1,1,2,1,2,1,2,1,2,2,2,1,1,1,2,1,1,0,1,1,2,2,1,1,2,2,2,2,2,2,1,Basically he is painting himself as somebody that someone used to know. As the video he keeps getting painted and turns into something that is not known anymore.,7,20,0,,23
9/24/21 7:46,2,2,2,2,2,2,2,2,1,1,1,1,2,1,2,1,2,1,1,1,2,2,1,1,2,1,2,1,2,1,2,2,2,2,2,1,1,2,1,0,2,1,2,2,2,2,1,2,2,2,1,2,2,"The video was a reference to the movie Mean Girls, there were many celebrity appearances, scenes at a football field, house, and school.",6,21,0,,31
9/24/21 9:46,2,2,1,2,1,1,1,2,1,2,2,1,2,1,1,1,2,1,1,1,2,2,2,2,2,2,1,2,2,2,2,2,1,2,2,2,2,2,1,0,1,1,2,2,2,2,2,2,2,2,2,1,2,"It was a choppyish video of the singer  some in black and white and some in darker colors, he looks like he was singing on a stage with his band. The video seems laggy but it is how the music video is.",4,21,0,,33
9/24/21 9:47,1,2,2,2,1,2,1,2,1,2,1,2,1,2,2,2,2,1,1,2,1,2,2,1,2,1,2,2,2,2,2,1,2,2,2,1,2,1,1,0,2,1,1,1,2,2,2,1,1,2,2,2,1,good,5,22,0,,31
9/24/21 12:04,2,1,1,1,1,1,1,2,1,1,1,1,2,1,2,1,2,1,2,2,1,1,1,1,2,2,1,2,2,2,2,2,2,2,1,1,2,1,1,0,1,1,2,1,2,1,1,1,1,1,1,1,2,Two rappers danced and sang in multiple types of scenary,4,19,1,,19
9/24/21 17:36,1,2,1,1,1,1,1,1,1,1,1,1,1,1,1,1,1,1,1,1,1,1,2,1,2,2,1,1,2,1,1,1,1,1,1,1,1,1,1,0,2,1,1,1,2,1,1,1,1,2,2,1,2,Harry Styles took care of a fish to eventually set it free.,5,19,0,,9
9/24/21 18:42,2,1,1,1,1,1,1,2,2,1,1,1,2,2,2,1,1,1,1,1,1,1,1,1,2,1,2,1,2,1,1,1,1,2,1,1,1,1,1,0,1,1,2,2,1,1,1,1,1,1,1,1,1,Michael jackson basically is going out and finding billie jean while someone is after him watching his every move. I have personally watched the video several times.,7,20,1,,12
9/24/21 19:13,1,1,1,1,1,1,1,1,1,2,1,1,1,1,1,1,1,1,1,1,1,1,1,2,2,1,1,1,2,1,1,1,1,1,1,1,1,2,1,0,2,1,2,1,2,1,1,2,1,1,1,1,2,1,4,20,1,,9
9/24/21 19:16,1,2,1,2,2,2,1,2,2,2,2,2,2,2,1,2,2,2,2,2,1,2,2,2,2,2,2,2,2,2,1,1,2,2,2,2,2,2,1,0,2,1,1,2,2,2,2,2,1,2,2,2,2,People expressing feelings through visualize intense emotions,6,20,0,,40
9/24/21 22:19,1,1,2,1,1,1,2,2,2,1,1,2,2,1,1,1,1,2,1,1,1,2,1,1,1,1,2,1,1,1,1,1,1,2,1,1,1,2,1,0,1,1,1,1,1,2,1,1,1,1,1,1,2,narrative,4,20,0,,12
9/24/21 22:40,1,1,2,2,2,1,2,2,2,2,1,2,2,2,2,1,1,1,2,2,2,2,1,1,2,1,2,2,2,1,2,2,2,2,2,2,2,2,1,0,1,1,1,2,1,2,2,2,2,1,2,2,2,It wasn't really a music video but just audio. There were rifts and the song made me reminisce a lot when Hey Jude became a huge hit. It definitely evoked some emotions from my past.,4,22,1,,34
9/25/21 7:14,2,1,1,1,1,1,1,1,1,1,1,1,2,1,1,1,2,1,2,2,2,2,1,1,1,1,1,1,2,1,2,1,2,2,1,1,1,1,1,0,1,1,2,1,2,1,2,2,1,1,2,1,2,"I watched a music video with Beyonce and two other backup dancers perform her single ""Single Ladies"". The video was in black and white while the three ladies were dancing to the song.",4,20,1,,16
9/25/21 7:47,2,2,1,2,1,1,1,1,1,2,2,2,2,1,2,1,1,1,1,1,2,2,1,1,1,1,2,2,2,1,2,2,1,2,2,2,2,2,1,0,1,1,2,2,2,2,2,2,1,1,1,2,2,Girls dancing in 80s outfits,3,20,0,,27
9/25/21 8:29,1,1,1,1,2,1,2,2,2,1,1,2,2,1,2,1,1,2,2,1,1,2,1,1,2,2,1,1,2,1,2,1,1,2,1,1,1,1,1,0,1,1,1,2,1,2,2,1,2,2,2,1,2,Adele is trying to reconnect with herself,6,21,0,,21
9/25/21 10:51,2,1,1,2,1,1,1,1,1,1,1,1,1,2,2,1,2,1,1,1,2,1,2,1,2,1,2,1,1,1,1,2,1,2,1,1,1,2,1,0,1,1,1,1,1,1,1,2,1,1,1,1,1,They were racing cars,4,19,1,,13
9/25/21 11:25,2,2,1,1,1,1,2,2,2,1,2,1,2,2,2,2,2,2,2,2,2,2,2,2,2,2,1,2,2,1,1,1,1,2,2,1,2,1,1,0,1,1,2,1,2,1,2,2,1,1,1,2,2,it was black and white music video and they preformed in a warehouse,4,21,1,,30
9/25/21 12:07,2,1,1,2,1,2,2,1,2,2,2,1,1,1,2,2,1,1,1,1,1,1,1,2,1,2,2,2,2,2,1,1,1,2,2,1,1,1,1,0,1,1,1,1,1,1,1,1,1,1,1,1,2,She was a cheerleader and then she lit a room on fire.,6,22,0,,17
9/25/21 13:10,1,1,1,1,1,1,2,1,2,1,1,2,1,1,1,1,2,1,2,1,1,1,1,1,1,1,1,2,1,1,1,1,1,2,1,2,1,2,1,0,1,1,1,1,1,2,1,1,1,1,2,2,2,I saw men fighting.,4,20,1,,12
9/25/21 13:40,1,2,2,2,2,2,2,2,2,2,2,2,2,2,1,1,1,2,2,2,2,2,2,1,2,2,2,2,2,1,1,1,2,2,1,2,2,2,1,0,1,2,1,2,1,2,2,1,1,2,2,2,2,selena's video was more a lyric video,4,21,0,,36
9/25/21 13:56,1,1,1,1,1,1,1,1,1,1,1,1,1,1,1,1,1,1,1,1,1,1,1,1,1,1,1,2,1,1,1,1,1,1,2,1,1,1,1,0,1,1,1,1,1,1,1,1,1,1,1,1,2,Hey Jude didn't play a video its just the 1 in yellow on a red background,4,20,1,,2
9/22/21 7:50,1,2,2,2,2,2,1,2,2,2,2,1,1,2,2,1,1,1,1,2,2,1,2,1,2,2,1,2,2,1,2,1,1,1,1,2,2,1,2,0,1,1,2,2,2,1,2,1,1,1,2,1,2,"in the music video, she appeared to be said singing her emotions away",5,20,0,,26
9/22/21 8:01,2,1,1,1,1,2,1,2,2,2,2,2,2,1,1,1,1,1,1,1,1,2,2,2,2,2,1,2,1,2,1,1,1,2,2,1,1,1,2,0,1,1,1,1,1,1,1,2,2,2,2,2,2,"A bunch of different people with different lives are shown in different cars on the highway, all coming together for this song",3,20,0,,22
9/22/21 8:07,2,2,2,2,1,2,1,2,2,2,1,1,2,2,2,2,2,1,2,1,2,2,2,2,1,1,1,2,2,2,2,2,2,2,2,2,1,2,2,0,2,1,2,1,2,1,2,2,2,2,1,1,1,"Alicia was singing while playing the piano , riding the bus passing jail mates in the yard",5,21,0,,35
9/22/21 8:53,1,1,1,1,1,2,2,1,1,2,2,2,2,2,2,2,1,2,1,1,2,1,1,1,1,2,2,2,2,1,1,1,1,1,2,2,1,1,2,0,1,2,1,1,1,1,1,1,1,1,2,1,1,"the girl stepped in as the guy was singing to add to his performance, i have watched the video a number of times with my family",5,20,0,,19
9/22/21 12:17,2,2,2,2,2,2,2,2,2,2,2,2,2,2,2,2,2,2,2,2,2,2,2,2,2,2,2,2,2,2,2,2,2,2,2,2,2,2,2,0,2,2,2,2,2,2,2,2,2,2,2,2,2,madonna was onstage it was dark,2,19,0,,50
9/22/21 12:23,2,1,1,2,2,1,1,2,2,1,1,1,2,2,2,1,2,2,2,2,2,2,2,2,2,2,2,1,2,1,2,2,2,2,2,1,2,1,2,0,1,1,2,2,2,2,2,2,1,2,2,2,2,eventful and partying,5,19,1,,35
9/22/21 12:27,2,2,2,2,2,1,1,2,2,2,2,2,2,2,2,1,2,2,2,1,1,2,2,1,2,1,2,1,1,1,2,2,1,2,2,2,2,1,2,0,1,1,1,2,2,1,2,2,1,2,1,2,1,The singer was singing the song while the video showed his body parts slowly being painted in,7,20,0,,32
9/22/21 12:38,2,1,1,1,1,1,2,2,2,2,2,1,2,1,1,1,2,2,2,2,1,1,1,1,2,1,1,1,2,2,2,2,2,2,2,1,1,1,2,0,1,1,2,2,1,1,1,2,1,1,1,1,1,Describes Eminems life and how we got started into rap music,4,22,1,,22
9/22/21 12:48,1,1,1,1,1,1,1,1,1,1,1,1,1,1,2,1,2,1,1,1,1,1,1,1,1,1,1,2,2,1,1,1,1,2,1,1,1,1,2,0,1,1,2,1,2,1,1,1,1,1,1,1,2,"In the music video, eminem was in a rap battle with another guy. It kept cutting to different parts of his rapping and him on the street.",6,20,0,,7
9/22/21 13:29,1,2,1,2,2,2,1,1,1,2,2,2,2,2,2,2,1,1,2,1,2,2,1,1,2,2,2,2,2,1,2,2,2,1,2,2,2,2,2,0,1,2,1,2,1,2,2,2,2,1,2,2,1,"it started off with a voice over, and then went from color to black and white a couple times, they all stood in lines and sang and marched",7,19,0,,34
9/22/21 17:07,1,1,2,2,2,2,1,2,2,1,2,2,1,2,2,1,1,2,2,2,1,1,2,1,2,2,1,2,2,1,2,1,2,2,2,2,2,2,2,0,1,2,2,2,2,2,2,1,1,2,2,2,1,Taylor went to a fantastic world through the piano.,6,21,1,,34
9/22/21 17:40,1,1,1,2,2,1,1,2,1,1,2,1,2,2,2,1,2,2,2,2,1,1,2,2,2,2,1,2,2,1,2,2,1,2,1,1,1,1,2,0,2,2,2,2,2,2,2,2,2,1,2,1,2,The Weeknd was singing in a room and it was very dramatic and there were many people in the video,2,20,1,,30
9/23/21 9:36,1,1,1,1,2,1,1,1,1,1,1,1,1,1,2,1,2,1,1,1,1,1,1,1,2,2,1,2,1,1,1,1,1,2,1,2,1,1,2,0,1,1,2,2,2,1,1,2,1,1,1,1,1,I watched it 80% through and then got tired of the song but it was just a guy standing singing then they panned to another girl standing.,5,21,1,,12
9/23/21 10:05,2,2,2,2,2,2,2,2,2,2,2,2,2,2,2,2,2,2,2,2,2,2,2,2,2,2,2,2,2,2,2,2,2,2,2,2,2,2,2,0,2,2,2,2,2,2,2,2,2,2,2,2,2,It is a highshool theme and Ariana is the diva.,4,20,0,,50
9/24/21 12:59,2,2,2,2,2,2,2,2,2,2,2,2,2,2,2,2,2,2,2,1,1,1,1,1,1,2,2,2,2,2,2,2,2,2,2,2,2,1,2,0,2,1,2,1,2,2,2,2,2,2,2,2,2,singing,1,19,0,,41
9/24/21 14:06,2,2,2,2,2,2,1,2,1,1,1,1,2,2,2,1,2,2,1,1,1,2,1,1,2,1,2,2,1,1,1,1,1,1,1,1,1,1,2,0,1,1,2,2,1,1,1,2,2,2,1,1,2,Lil nas x was dancing,1,19,0,,21
9/24/21 23:07,2,1,2,2,2,1,1,1,1,1,2,1,1,2,2,1,2,2,1,2,2,1,2,2,2,2,2,1,1,2,2,2,1,2,2,2,2,1,2,0,1,1,2,2,2,1,1,2,2,2,1,2,2,Literally nothing. The lyrics we're popping up on the screen.,6,20,1,,30
9/25/21 11:14,1,1,1,2,2,2,2,2,2,2,2,2,2,2,1,2,2,1,2,2,2,2,2,2,2,2,2,2,2,2,2,2,2,2,2,2,2,1,2,0,2,2,2,2,2,1,2,2,2,2,2,1,2,The people were dancing,4,21,1,,42
9/22/21 7:39,2,1,1,1,1,1,1,1,1,1,1,1,1,1,2,1,2,1,1,1,1,2,1,1,1,1,1,1,1,1,1,1,1,1,1,1,1,1,,1,1,1,1,1,2,1,1,1,1,1,1,1,2,She got into an elevator to space and danced a lot and then DaBaby came in too. Then they ended up in space.,6,21,1,,5
9/22/21 7:40,1,2,1,1,1,2,1,2,2,1,1,2,2,2,2,1,2,2,1,1,1,2,2,1,1,2,2,1,1,1,2,1,1,1,2,2,1,2,,1,1,1,2,2,1,2,2,2,2,2,2,1,1,Harry found a fish and was raising it throughout the vieo until he finally returned it to the see with all its friends.,7,19,1,,26
9/22/21 7:43,2,2,1,2,1,2,1,1,1,2,2,1,2,2,2,1,2,1,2,1,1,1,1,2,2,2,2,2,2,2,2,1,2,2,1,2,2,1,,1,1,1,2,1,2,1,1,2,2,2,2,1,1,The video was definitely sponsored by smart food because they showed the label a few times. It was kind of interesting because she was cheerleading with long black gloves.,5,21,0,,29
9/22/21 7:48,1,1,1,2,2,1,2,2,1,1,2,1,1,2,2,2,2,2,1,1,2,2,2,1,1,1,2,1,1,1,2,2,1,2,2,2,1,2,,1,1,2,1,1,2,1,1,2,1,2,2,1,2,"He was hanging out around the campfire, drinking and enjoying his american freedoms with his friends and wife.",5,21,0,,25
9/22/21 7:54,1,2,2,2,2,2,2,2,2,2,1,1,1,2,2,1,1,2,1,1,2,2,1,2,2,1,1,1,2,1,2,2,2,2,2,1,2,1,,1,1,1,1,2,1,1,2,1,1,2,2,1,2,Lil Nas x was on a horse in his old neighborhood which surprised alot of people and he won a race against a car and then opened up a shop and earned alot of money to upgrade his look and his mode of transportation.,1,21,0,,27
9/22/21 7:58,2,1,1,2,2,2,1,1,1,2,2,2,1,1,2,1,1,1,1,1,1,2,2,2,1,1,2,1,1,1,1,1,1,1,1,2,1,2,,1,1,2,1,2,1,1,1,1,1,2,1,2,1,"In the video, Miley Cyrus was the focal point throughout the video. She is singing and makes strong eye contact with the camera. She expresses her love for independence and not needing a significant other. Further, she shows she can move on. The video seemed to amplify a sexual tone and showed changes in scenery. At some points there were colorful animals surrounding her, and at others she was pressed up against mirrors. In other moments she was laying on a pile of small colorful objects.",5,21,0,,18
9/22/21 8:02,2,2,1,2,2,2,2,2,2,2,2,2,2,2,2,1,2,2,2,1,2,1,2,2,2,2,2,1,2,2,2,2,2,2,2,2,2,2,,1,2,2,1,2,1,2,2,2,2,2,2,2,2,"It was the John Legend ""All of Me"" video and it was in black and white, and he was singing to his now wife Chrissy Teigan. There was a lot of water involved in this video.",3,20,0,,43
9/22/21 8:22,2,2,2,2,2,2,1,2,2,1,2,1,2,2,2,1,1,1,1,1,2,2,2,2,2,1,2,2,2,1,2,2,1,1,2,2,1,1,,1,1,2,1,2,1,1,1,1,1,2,1,1,2,"Adele was sitting in a chair in a vacant room for the majority of the video. The scene should change to other parts of the empty, dark and lonely house. Then there was a dancing fencer and breaking dishes. At the end the video got a little bit lighter with more white abs white powder evident in the shot.",5,19,0,,27
9/22/21 8:25,2,1,1,2,1,1,1,2,1,1,2,1,2,1,2,1,2,2,2,2,2,2,1,1,2,1,1,2,2,2,2,2,1,2,2,1,2,2,,1,1,1,2,2,2,1,1,2,1,2,1,2,2,The Black Eyed Peas were all rapping on a beat together. The video is suppose to be futuristic with swagger..,5,20,1,,28
9/22/21 8:27,2,1,1,1,1,1,1,2,1,1,1,1,2,1,1,1,1,1,1,1,1,1,1,1,1,2,1,1,1,2,1,1,1,1,2,1,2,1,,1,1,1,1,1,1,1,1,1,1,1,1,2,2,A guy and his band performed their song in a dark and steamy room.,4,20,0,,8
9/22/21 8:27,2,1,1,1,1,2,1,2,1,2,2,1,1,1,2,1,1,1,1,1,1,1,2,2,2,1,2,2,1,1,1,1,1,1,1,2,1,1,,1,1,1,1,1,1,1,2,1,1,1,1,1,1,it was a wholesome family environment,7,20,0,,13
9/22/21 8:33,1,2,1,2,2,1,2,2,2,1,1,1,2,2,2,1,2,2,2,2,2,2,1,1,2,2,2,2,1,1,2,2,1,2,2,1,2,2,,1,1,1,2,2,1,2,2,2,1,2,2,2,2,Beyonce was dancing with two back up dancers.,6,21,0,,33
9/22/21 8:34,2,2,1,1,1,2,2,2,1,1,1,2,2,1,2,1,1,1,2,1,1,2,1,1,2,2,2,2,2,1,2,2,1,1,2,1,1,2,,1,1,2,2,1,2,2,1,2,2,2,1,1,2,Kanye played the piano while ballerinas in black outfits were slowly dancing,5,21,0,,26
9/22/21 8:35,2,2,1,2,2,2,1,2,2,2,1,1,2,2,2,1,1,1,1,1,2,2,2,2,2,2,2,1,2,2,2,2,2,2,1,1,1,1,,1,1,1,2,2,2,1,1,1,1,2,1,1,2,musice video of the boys dancing sand singing in the club,7,21,0,,28
9/22/21 8:37,1,1,1,2,2,1,2,2,1,1,2,2,2,2,1,1,1,2,1,1,2,1,2,1,2,2,2,2,2,1,2,1,1,2,1,2,2,1,,1,1,1,1,2,1,1,1,1,1,1,2,1,2,She was leaving him but she didn't want to so she kept seeing either memories or dreams of them together and then she eventually got off the plane and stayed with him.,4,22,1,,22
9/22/21 8:47,2,2,1,1,2,1,1,1,2,1,2,1,1,2,2,1,1,1,1,1,2,2,1,1,2,2,2,2,2,2,2,1,1,2,1,1,1,2,,1,1,1,2,2,2,2,1,1,1,2,2,1,2,"Adele was in a house by herself trying to contact someone who she used to be very close to, and she is singing about missing a past relationship.",7,19,1,,24
9/22/21 8:49,2,2,1,1,1,1,1,2,2,1,2,2,2,1,2,1,1,2,2,1,1,2,1,1,2,2,2,2,2,1,1,2,1,2,1,2,2,1,,1,1,1,2,2,2,1,2,2,1,1,1,1,2,A big music star forms a secret relationship with an employee on his tour and causes a lot of drama in that wake.,4,19,1,,25
9/22/21 8:57,1,1,2,2,1,2,2,2,2,2,2,1,2,1,2,2,1,1,1,1,2,1,1,1,2,1,1,1,2,1,2,2,2,2,2,2,2,1,,1,1,1,2,2,2,1,2,1,2,2,2,1,2,billie eilish was singing and dancing in different solidly colored rooms and different environments with other people. Each space had something weird and out of context like a snorkel and milk.,4,21,0,,28
9/22/21 9:05,1,1,1,2,2,1,1,2,1,1,1,1,2,1,2,1,2,1,1,1,2,1,2,1,1,2,1,2,2,2,2,2,1,1,1,1,1,2,,1,1,1,2,1,2,1,1,2,1,1,1,1,2,Adam Levine is with a girl and a baby in a house,4,21,1,,18
9/22/21 9:06,2,1,1,1,1,1,1,1,2,1,1,1,1,2,1,1,1,1,1,1,1,1,2,1,2,2,2,2,2,1,2,2,1,2,2,1,1,2,,1,1,1,2,2,2,1,2,1,1,1,1,1,2,"Kesha wakes up in the bath tub, goes throughout her day and then it ends with her at the club",5,21,1,,18
9/22/21 9:07,2,2,2,2,2,2,2,2,2,2,2,2,1,1,1,1,2,1,1,2,1,1,2,2,2,2,2,2,2,1,2,2,2,2,2,2,2,2,,1,2,2,2,2,1,1,2,1,2,2,2,2,2,"She was playing the piano and was singing to a slow beat, a lot of close ups and then zooming out far",3,20,0,,38
9/22/21 9:17,2,1,1,1,2,1,1,2,1,1,1,1,2,1,2,1,2,2,2,1,2,1,1,1,2,2,1,1,2,1,1,2,1,2,2,1,2,1,,1,1,1,2,1,2,1,2,2,1,1,1,1,2,A young girl was dancing in a dilapidated apartment by herself.,4,21,1,,20
9/22/21 9:21,2,2,1,2,1,1,1,1,2,1,1,1,1,2,2,1,2,1,2,2,2,1,1,2,2,1,2,1,1,1,2,2,1,2,2,1,2,2,,1,2,1,2,1,2,2,2,2,1,1,1,1,2,Taylor swift danced in a bunch of different outfits always with a group of background dancers.,4,21,1,,25
9/22/21 9:25,2,2,1,1,2,2,2,1,2,2,2,2,2,2,2,2,1,2,2,1,2,2,2,2,1,2,2,2,2,1,1,2,2,2,2,1,2,1,,1,1,2,1,2,2,2,2,2,2,2,2,2,2,Bruno Mars is just vibing around town and dancing for most of it and eventually is performing on stage,5,20,0,,38
9/22/21 9:32,2,1,2,2,2,1,1,2,2,1,1,1,2,2,2,1,2,1,1,1,2,2,2,2,2,2,1,2,2,1,2,2,2,2,1,1,2,2,,1,1,1,1,2,2,1,2,2,2,2,2,2,2,Some girls were dancing to the music with a white background,5,24,0,,32
9/22/21 9:50,1,2,2,2,2,2,1,2,2,1,2,1,2,2,1,1,2,1,1,1,2,2,1,1,2,1,2,1,2,1,2,2,2,1,2,2,2,2,,1,1,1,1,1,1,1,2,2,1,2,2,1,1,"The music video shows her waking up hungover and getting ready to go out again and hangout with friends, doing things she shouldn't be doing.",7,20,0,,27
9/22/21 9:57,1,2,1,1,2,2,1,2,2,2,1,1,2,2,2,1,1,1,1,1,1,1,1,1,2,1,2,1,1,1,2,1,1,1,2,1,2,1,,1,2,2,1,2,1,1,2,1,2,2,1,2,2,"The singer songwriter Grimes was doing a voice over to her song ""oblivion"" had a dirtbike race track. It also might've been a college if I were to guess.",5,20,1,,21
9/22/21 10:05,2,2,2,2,2,2,1,2,2,2,2,2,2,2,2,2,2,2,2,1,2,2,2,2,2,1,2,1,2,1,2,2,2,2,2,2,2,2,,1,1,2,1,2,2,2,2,2,2,2,2,2,2,Whitney Houston sang to her lover,7,19,0,,43
9/22/21 10:08,1,2,1,2,2,2,1,2,1,1,2,1,1,1,2,1,2,1,2,1,2,1,2,1,2,2,2,2,2,1,2,2,2,2,2,1,2,2,,1,1,1,2,2,1,1,2,2,1,2,1,1,2,"Beyonce and two other women dancing, singing, clapping",5,20,0,,28
9/22/21 10:16,1,1,1,2,2,2,2,2,1,2,2,1,2,2,1,1,1,1,1,1,2,1,2,2,1,2,2,2,2,2,2,2,1,2,1,1,1,1,,1,1,1,1,2,2,1,2,2,1,1,2,1,2,"The band BTS danced in different places such as a bedroom, outside a disco place, in a record shop, in a donut shop, outside an ice cream truck etc.",5,21,1,,25
9/22/21 10:29,2,2,2,2,1,1,1,1,1,1,2,2,1,2,2,1,2,1,1,1,2,2,1,1,2,1,2,1,1,1,1,2,1,2,2,2,1,2,,1,1,1,1,1,1,1,1,1,1,2,1,1,1,"they were singing and dancing, there was a girl who seemed angry at some points",5,21,0,,19
9/22/21 10:33,2,1,1,1,2,2,2,2,2,2,1,1,2,2,2,1,1,1,2,2,2,2,1,2,2,2,2,1,1,1,1,1,2,,1,2,2,2,,1,2,2,1,2,2,1,1,1,1,1,2,1,1,Somebody was driving their car down the road.,3,22,1,,27
9/22/21 10:55,1,2,2,2,2,2,1,2,2,2,2,2,2,1,2,2,1,1,1,1,2,1,1,2,2,2,2,2,2,1,2,2,2,2,2,2,1,2,,1,1,2,2,2,2,1,1,1,2,2,2,1,2,MJ dancing and roaming the streets,3,21,0,,34
9/22/21 11:15,1,2,1,2,1,2,1,1,2,1,2,2,1,1,2,1,1,1,1,1,1,1,1,1,1,2,1,2,1,1,2,1,1,1,1,2,1,1,,1,1,2,1,2,1,1,1,1,1,1,1,2,2,Carly Rae sang with a band behind her. She had a bot with his shirt off washing a car.,7,19,0,,14
9/22/21 11:50,2,1,1,1,1,1,2,2,1,1,1,1,1,1,1,1,1,1,1,2,1,1,2,1,1,1,1,2,1,1,1,1,1,2,1,1,1,1,,1,1,1,1,1,2,1,1,2,1,1,1,1,2,"It was very intense.  There was a fire, a cop with a gun and an eerie scene among other things.",4,20,1,,9
9/22/21 11:51,2,1,1,2,1,1,1,2,1,2,2,1,1,1,1,1,1,1,2,1,1,1,2,1,2,1,,2,1,1,2,2,1,1,1,1,1,1,,1,1,1,2,1,1,1,1,1,1,1,1,1,2,Kayne played the piano while ballerinas danced a routine to the song,3,19,0,,12
9/22/21 12:13,1,2,1,1,1,2,1,1,1,1,2,1,1,1,2,1,1,1,1,1,1,2,1,1,1,2,1,1,1,1,2,2,1,1,2,1,1,1,,1,1,1,2,1,1,1,2,2,2,2,1,1,1,she was on a plane,7,20,0,,14
9/22/21 12:17,1,1,1,1,1,1,1,1,1,1,1,1,2,1,1,1,2,1,2,2,2,1,1,2,1,1,1,1,2,1,1,2,1,2,1,1,1,1,,1,1,1,2,1,1,1,1,2,1,1,2,1,2,He sang,4,19,1,,12
9/22/21 12:18,1,2,1,1,1,2,1,2,1,1,2,2,2,1,2,2,1,2,1,1,1,2,1,2,2,2,1,2,2,1,2,2,2,1,2,1,2,1,,1,1,2,2,1,1,1,2,2,2,2,2,1,2,"There are a bunch of people riding around/ sitting in cars doing seemingly mundane cars all listening to Tiny Dancer, and singing along.",5,19,0,,27
9/22/21 12:22,2,2,1,2,2,2,1,2,2,2,2,2,2,2,2,2,2,1,2,1,1,2,2,2,1,2,2,2,2,1,2,2,2,1,2,2,1,2,,1,1,2,2,2,2,1,1,2,2,2,2,2,2,miley just singing in a lot of different colorful scenes,7,20,0,,38
9/22/21 12:22,1,1,1,1,1,1,1,2,2,2,1,1,2,1,2,1,2,1,2,2,1,1,2,2,1,2,1,2,2,2,2,1,2,1,1,2,1,1,,1,1,1,2,1,2,1,1,2,1,2,2,1,2,Alicia Keys plays the piano and walks through her neighborhood singing,5,20,1,,22
9/22/21 12:23,2,2,1,2,2,1,1,1,1,2,1,1,1,2,2,1,2,2,2,1,2,2,2,2,2,1,2,2,2,2,2,2,2,2,2,2,2,2,,1,1,1,1,2,1,1,2,1,2,2,2,2,2,"What i saw in the video was lots of dancing, people and lots of lights",6,20,0,,33
9/22/21 12:25,1,1,1,2,1,1,1,1,1,1,2,2,2,2,1,1,1,2,2,2,2,1,2,2,2,2,1,2,1,1,2,2,1,2,2,1,1,2,,1,1,1,1,1,1,2,2,2,1,2,1,2,1,"its a black and white video mainly of just pictures flashing, they don't really do anything. They are at one point all sitting together with a green guitar that became yellow later on",7,20,1,,24
9/22/21 12:25,2,2,1,1,1,2,1,1,1,1,2,1,2,1,2,1,2,1,2,1,1,1,1,1,1,2,1,1,2,1,1,1,1,1,1,1,1,2,,1,1,1,1,1,1,1,1,1,1,1,1,1,1,A groups of female dancers were dancing in an all white room.,7,20,1,,11
9/22/21 12:27,2,1,1,2,2,2,1,1,1,1,2,1,2,2,2,1,1,2,1,1,1,2,1,1,1,1,2,1,1,2,2,2,1,1,2,2,2,2,,1,1,2,1,1,1,1,2,2,1,2,1,2,1,Lil Nas X was riding a horse down the neighborhood streets then Billy Ray Cyrus pulls up in a Maserati and then they walk into some type of event.,5,21,0,,23
9/22/21 12:28,2,2,1,2,2,2,1,1,1,1,2,1,2,2,2,1,2,2,2,2,2,1,2,1,2,2,2,2,2,1,2,2,1,2,1,2,1,2,,1,1,1,2,2,2,1,2,2,1,2,2,2,2,There was a group of people dancing with asian subtitles,3,21,1,,33
9/22/21 12:30,2,2,1,2,1,1,1,1,1,1,2,2,1,2,2,1,1,1,1,1,1,2,1,1,1,2,2,1,2,1,2,1,2,2,2,2,1,2,,1,1,2,2,2,1,2,1,1,1,1,1,1,2,"they were basically just playing the song on different stages, intensity grew with the music",5,20,0,,21
9/22/21 12:31,2,1,1,2,1,1,2,2,1,1,1,1,2,1,2,1,1,1,2,2,1,1,2,1,2,1,1,2,1,2,1,2,1,2,1,1,2,1,,1,1,1,1,1,1,1,1,2,1,1,1,1,2,The guy won a boxing match and his wife and daughter left him,4,20,1,,16
9/22/21 12:33,1,1,1,1,2,1,1,1,1,1,1,1,1,2,1,1,2,1,1,1,1,2,1,1,1,1,1,1,1,1,2,1,2,1,1,1,1,2,,1,1,1,1,1,2,1,2,1,1,1,2,1,2,Olivia rodrigo is driving and getting over a break up,4,19,0,,10
9/22/21 12:35,1,1,1,1,1,1,1,1,1,1,1,1,1,1,1,1,1,1,2,2,1,1,1,1,1,1,1,2,2,1,1,1,1,1,1,1,1,1,,1,1,1,1,1,1,1,1,1,1,1,2,1,2,People danced and were happy. Some may have sang a bit. Lots of different settings and possibly people.,4,20,0,,5
9/22/21 12:35,2,1,1,2,1,1,1,2,1,1,2,1,1,1,1,1,2,1,1,1,1,1,1,2,2,2,1,1,1,1,2,2,1,2,2,2,1,1,,1,2,2,2,2,1,1,1,2,2,2,1,1,1,Grimes is singing in an emo/alternative way at some events that are viewed as typical parts of American culture.,6,19,0,,20
9/22/21 12:39,2,2,1,2,2,1,2,2,2,1,1,2,1,1,2,1,2,2,1,1,2,1,1,1,1,1,2,2,2,2,1,2,2,2,1,2,1,2,,1,1,1,2,2,1,2,2,1,1,1,1,1,1,The actors in the video are all women and are associated with the title of the song.,7,21,1,,25
9/22/21 12:41,2,2,1,2,1,2,2,2,2,1,1,2,2,2,2,1,2,1,2,1,1,2,1,2,2,2,2,1,2,2,2,2,1,2,2,2,1,2,,1,1,2,2,1,2,2,2,2,2,2,2,2,1,"The Weeknd walks around a room with people in masks and his plastic-surgery face, the video is dark with lots of red",7,21,0,,36
9/22/21 12:44,2,1,1,2,1,2,1,1,1,1,1,1,1,1,2,1,2,1,1,1,1,1,1,1,1,1,1,2,1,1,2,2,1,1,2,1,1,1,,1,1,1,2,1,2,1,1,2,1,2,1,1,2,"It was just a still image of the ""Hey Jude"" album cover",5,20,0,,13
9/22/21 12:45,2,2,1,1,2,2,2,1,2,2,2,1,1,1,2,1,2,2,1,1,2,2,2,2,2,2,2,2,1,2,2,2,1,2,2,2,2,2,,1,1,2,2,2,2,1,2,2,2,2,2,2,2,"The Black Eyed Peas, Fergie, and Will.I.Am, were all in very futuristic outfits. Green and red lights were flashing throughout the video. There was a common theme of dynamite and guns in the video. Masks were a large part of the futuristic theme too.",6,21,0,,37
9/22/21 12:46,2,2,2,2,2,2,2,2,2,2,2,2,2,2,2,2,1,2,1,1,2,1,1,2,1,2,2,2,2,2,2,2,2,2,2,2,2,2,,1,1,2,2,2,2,2,2,2,2,2,2,2,2,Taylor Swift was dancing and singing with her background dancers. She would be a ballerina and then a hip hop and then it would transition to a stage setting. There would be clips of other dances doing tricks and it was pretty much just an upbeat video,7,20,0,,43
9/22/21 12:55,2,2,1,2,1,2,1,2,1,1,2,2,2,2,2,1,1,1,1,1,1,1,1,1,1,2,2,1,1,1,1,1,1,1,2,1,1,1,,1,1,1,2,1,1,1,1,1,1,1,1,1,2,t swift went into her piano into a magical universe,5,20,0,,14
9/22/21 12:57,1,2,1,1,2,2,1,1,1,1,1,1,1,1,2,1,1,2,1,1,1,1,2,2,1,2,2,2,2,2,2,2,,1,1,1,1,1,,1,1,1,2,2,2,1,1,2,2,2,2,2,2,The wonderwall dude played a guitar,5,20,1,,22
9/22/21 12:59,2,2,1,1,2,1,1,2,1,1,1,1,2,2,2,1,1,2,2,1,2,2,2,1,2,1,2,1,1,1,2,2,1,2,2,2,2,2,,1,1,1,1,2,1,2,2,2,2,2,2,1,2,a girl in a blonde wig was dancing around a room in her own style,5,20,0,,28
9/22/21 13:02,1,2,2,2,2,2,1,2,2,2,1,2,2,2,2,1,2,2,2,2,2,2,1,2,2,1,2,1,1,1,2,2,2,2,2,2,2,2,,1,1,1,2,2,2,2,2,1,2,2,2,2,1,"A girl has taken interest in someone and wants their attention, but their attention is on someone else, so she is dancing on her own at the club.",3,19,0,,38
9/22/21 13:11,1,1,1,2,1,1,1,1,1,2,1,1,2,1,1,1,1,1,1,2,2,1,2,1,2,2,1,2,2,1,1,1,1,2,1,1,1,1,,1,1,1,1,1,1,1,1,1,1,1,1,1,1,A lot of people were walking and singing about how they were happy.,5,22,1,,11
9/22/21 13:15,1,2,1,2,2,2,1,2,2,1,1,1,2,1,2,1,1,1,2,2,1,2,1,2,2,1,1,1,2,1,2,1,1,2,2,2,2,1,,1,1,1,1,2,1,1,2,1,2,2,2,1,1,"there was love in the air. a concert where lady gaga started to sing in the middle of the song. bikes, people cheering for lady gaga, and confusion from lady gaga when she started to sing",7,38,1,,24
9/22/21 13:20,2,2,1,2,2,1,1,1,1,1,1,1,2,1,2,1,2,2,2,2,2,2,1,1,2,1,1,1,2,2,2,2,2,2,2,1,2,2,,1,1,1,1,2,1,2,2,1,1,1,2,2,2,Adelle is very creative when it comes to her music it was up beat but also soft based on how she sat the whole video.,4,23,0,,27
9/22/21 13:30,2,2,2,2,2,2,1,2,2,2,2,2,2,2,1,2,2,1,1,1,2,2,1,2,2,2,2,2,2,1,2,2,2,1,2,2,2,2,,1,1,2,1,2,1,1,2,2,2,2,2,1,1,The artist was apart of the music video as well as backup dancers/guitarist. Lots of scene changes and different things being shown but it was a cute video.,6,20,0,,37
9/22/21 13:54,2,1,1,1,1,2,1,2,2,1,1,1,2,1,2,1,2,1,1,1,1,2,1,1,1,2,1,2,1,1,1,1,1,1,1,1,1,1,,1,1,1,2,1,2,1,1,1,1,1,1,1,1,The Weeknd splashed water over all the people sitting at tables while he was performing,5,20,0,,12
9/22/21 13:58,2,1,1,1,2,2,1,2,2,2,2,1,2,1,1,1,1,1,1,1,1,1,2,2,2,2,2,2,2,2,2,2,1,1,2,2,2,1,,1,2,1,2,2,2,1,1,1,1,1,1,1,2,"There were several clips in different scenes/locations. There was a bit where billie was dancing in a yellow room, sitting out side of a house with a bunch of ""intimidating"" men, riding down the road in a car meant for little kids, and her in another room having a bloody nose. When the song changed, she was in a dark room sitting ontop of a guy doing pushups.",4,19,0,,25
9/22/21 14:02,1,1,1,2,1,1,1,2,1,1,2,1,2,1,1,2,1,1,2,1,1,1,2,1,2,2,1,2,2,2,2,2,1,2,2,1,1,1,,1,1,1,2,1,1,1,1,2,1,2,1,1,2,Bruno Mars Dancing around the city,4,19,0,,19
9/22/21 14:06,1,1,1,2,2,1,2,1,2,1,1,1,2,2,2,1,1,2,2,2,2,2,1,1,2,1,2,1,2,2,2,1,1,1,2,2,2,2,,1,1,1,1,2,1,1,2,1,2,2,1,2,2,A guy and his girlfriend had a daughter and he started a boxing fight,5,21,0,,26
9/22/21 14:07,2,1,2,1,1,2,1,2,1,2,2,1,2,1,1,1,1,1,1,1,2,1,1,1,2,1,1,1,1,1,2,2,2,2,2,2,2,2,,1,1,1,2,2,2,1,2,2,2,2,2,1,2,Two guys danced around in a warehouse that had a sunflower backdrop while the video would drop in and out.,7,21,0,,25
9/22/21 14:17,1,2,1,1,2,2,1,2,2,1,2,2,2,1,2,1,1,1,2,1,2,1,2,2,1,2,2,2,2,2,2,2,2,2,2,2,2,1,,1,1,2,2,2,2,1,1,2,2,2,2,1,2,She was playing/ transporting through pianos,5,19,0,,33
9/22/21 14:19,1,2,1,2,1,1,1,1,2,1,2,1,2,1,1,1,2,1,2,1,2,1,1,2,2,2,1,1,2,2,2,2,2,2,2,2,2,1,,1,1,1,1,2,2,1,1,2,2,2,2,1,2,"Gotye sang the song while they showed different parts of his body, and paint appeared on the background and his body. Then, Kimbra came in also painted and sang to/with him.",7,21,0,,26
9/22/21 15:13,2,1,1,2,2,2,1,2,1,1,2,2,2,1,2,1,2,1,2,2,2,2,2,1,2,2,1,2,2,2,2,2,1,2,2,1,2,2,,1,1,1,2,2,2,2,2,2,1,1,2,2,2,There was a bunch of dancing in the club. Nothing more really,6,20,1,,34
9/22/21 15:40,2,2,2,2,2,1,1,1,1,2,2,2,2,2,1,1,1,1,1,2,2,2,2,1,2,1,2,1,1,2,2,2,2,2,2,2,2,2,,1,1,1,1,2,1,2,2,2,1,1,2,1,2,lots going on Taylor swifts just dancing around in different outfits,3,20,0,,30
9/22/21 15:46,1,2,1,2,2,1,1,1,1,1,1,1,1,1,1,1,1,1,2,1,2,1,2,1,1,2,1,2,2,2,2,2,1,2,2,2,2,1,,1,1,1,2,1,2,1,1,2,2,2,1,1,1,Britney started on an airplane and was making out with a man and was also on a motorcycle with another man and in a hotel room with a man,6,19,0,,21
9/22/21 16:11,1,1,1,2,1,2,2,1,1,1,2,2,2,2,2,1,2,1,2,1,2,1,2,1,1,2,2,1,1,2,2,1,1,2,2,1,2,1,,1,1,1,2,1,1,2,1,2,1,1,1,2,1,Dua Lipa and people partying to their song,6,20,1,,23
9/22/21 16:24,1,2,1,2,1,2,2,2,1,2,2,1,1,1,1,1,1,2,1,1,2,1,1,2,2,2,2,1,2,1,2,2,1,1,1,2,2,1,,1,1,2,2,1,1,1,2,2,1,2,2,1,1,Miley described how she is better off without you,6,20,0,,24
9/22/21 16:27,2,2,2,2,2,2,2,2,2,2,2,1,2,1,2,1,2,2,2,2,2,2,2,2,2,2,2,2,2,1,2,2,1,2,2,1,2,2,,1,2,2,2,2,2,1,2,2,2,2,2,1,2,"Michael Jackson is walking on a sidewalk through a city, singing about how a young woman thinks he is the father of her baby, and proceeds to go to her bedroom and get in her bed while she's sleeping. A man follows him and as the man is about to photographs Michael in the bed, there is a bright glow and Michael is gone. Shortly thereafter, police find and arrest the man.",3,19,0,,42
9/22/21 16:30,2,2,1,1,1,2,2,2,1,1,2,1,1,1,2,1,1,2,2,2,2,2,2,1,2,1,1,1,2,2,1,2,1,2,2,1,1,2,,1,1,1,2,1,2,2,2,1,1,1,2,2,2,People were dancing and were shown as happy while they were dancing in different places,3,19,1,,26
9/22/21 16:38,2,1,1,2,2,1,1,1,1,1,1,1,2,2,2,1,1,2,2,2,2,1,1,1,2,1,1,1,2,1,2,2,2,2,2,2,2,2,,1,1,1,2,2,2,1,2,2,1,1,2,1,1,"His palms were sweaty, knees weak arms were heavy, there was vomit on his sweater already, which happened to be mom's spaghetti. He was nervous, but on the surface he was calm and ready to drop bombs, but he kept on forgetting what he wrote down. The whole crowd got so loud, he opened his mouth, but the words would not come out. He was choking now, everybody was choking now, the clocks ran out, time was up, over blow. Then he snapped back to reality, op, there went gravity.",6,20,1,,26
9/22/21 16:40,2,2,1,2,1,1,1,2,2,1,2,2,2,2,2,1,1,1,2,1,2,1,2,1,2,2,2,2,1,1,1,2,2,1,2,2,1,2,,1,1,2,1,1,1,2,1,1,2,1,1,1,2,The singers were all in a room and all kind of took turns singing the song. It was in black and white and there was something that was yellow. It was kind of boring,5,20,0,,25
9/22/21 16:43,2,1,1,1,2,1,1,1,2,1,2,1,1,2,1,1,2,1,2,2,2,2,1,1,1,1,1,1,1,1,2,2,2,1,2,2,2,2,,1,1,1,1,2,1,1,2,2,1,2,2,2,2,"I see honesty, gratitude and no hard feelings towards a person you have cared about in your life. Be thankful for every moment you have lived and for all the lessons you have learned from your relationships.",5,21,0,,23
9/22/21 16:52,2,2,1,2,1,2,1,2,2,2,2,1,2,1,2,1,2,2,1,1,1,2,1,1,2,2,2,1,2,2,2,1,1,1,1,1,1,1,,1,2,1,2,1,2,1,1,2,1,2,1,1,2,lil nas x was riding a horse and preforming with billy ray,4,22,0,,24
9/22/21 17:29,2,1,1,2,1,1,1,2,1,1,2,1,2,1,2,1,2,1,2,2,2,1,2,2,2,2,1,2,2,2,2,1,1,2,2,2,2,1,,1,1,1,2,2,2,1,2,2,1,2,2,1,2,Beyonce and two backup dancers were filmed doing amazing choreography in an all white room when in the chorus but transitioned to dark at the verses,6,21,1,,29
9/22/21 17:32,1,2,1,1,1,2,2,2,2,1,1,2,2,2,2,1,1,1,1,1,1,2,1,1,1,1,2,1,1,1,2,1,1,1,1,2,2,2,,1,1,2,1,1,1,2,1,1,1,2,1,1,2,"Miley Cyrus was singing the song alone in various outfits and settings. One setting was a room of mirrors and she was in a yellow top, another she was in a purple sparkly dress with colorful animals around her.",4,20,0,,18
9/22/21 18:10,2,1,1,1,1,1,2,1,1,1,2,1,1,1,1,2,2,1,2,2,1,1,2,1,1,1,2,1,2,2,2,2,2,2,2,1,2,2,,1,1,1,2,2,2,2,2,2,1,2,2,2,1,There was a big party going on.,7,19,1,,27
9/22/21 18:35,1,2,1,1,2,2,1,1,1,1,1,1,2,1,1,1,2,1,2,1,2,1,1,1,2,2,1,1,2,1,2,2,1,1,2,1,1,1,,1,1,1,1,2,2,1,1,2,2,2,2,1,2,Britney Spears seduced men on a plane as a stewardess and then robbed them.,4,20,1,,19
9/22/21 19:01,1,1,2,1,2,2,1,2,2,2,1,1,2,2,1,1,1,1,2,1,2,2,2,2,2,1,2,1,1,1,2,2,2,2,2,2,1,1,,1,1,1,1,2,1,1,2,2,2,2,2,2,2,The spice girls sang and danced about a guy,4,25,0,,28
9/22/21 20:10,2,2,1,1,2,2,1,2,2,1,2,2,2,1,2,1,2,2,1,1,1,2,1,1,2,1,2,1,2,1,2,2,2,2,1,2,1,1,,1,1,1,2,2,2,1,2,2,1,1,2,1,2,Keys sang and the storyline looked like she was falling in love with someone from prison and was longing for them. It was an upbeat but sad song at the same time.,5,20,0,,27
9/22/21 20:18,1,1,1,2,2,1,1,1,1,2,2,1,2,1,2,1,1,1,2,2,2,1,1,2,2,2,1,1,2,1,2,2,1,2,2,1,1,1,,1,1,1,2,2,1,1,1,2,2,2,2,2,2,"She was riding on a canoe in a city with canals throughout a city, probably an Italian city. At other points in the song she was laying in a bed with what appears to be a wedding dress on.",4,19,1,,24
9/22/21 21:11,1,2,1,2,2,1,1,2,2,1,2,1,2,2,1,2,2,2,1,1,2,1,1,1,1,2,2,2,2,2,2,2,1,2,1,2,1,1,,1,1,1,2,2,2,1,1,2,1,1,2,1,1,Olivia Rodrigo plays as a high schooler who is upset/angry after a breakup,5,20,1,,26
9/22/21 21:13,1,1,1,2,2,1,1,2,1,1,2,1,1,1,1,1,2,2,2,1,2,2,1,1,2,2,1,1,2,1,2,2,1,2,2,1,1,1,,1,1,1,2,2,2,1,1,2,1,2,2,1,2,The character in the video performed a song at some sort of venue for high class people and pretended to shoot himself in the head at the end.,5,20,1,,22
9/22/21 21:14,2,2,1,2,1,1,1,2,1,2,1,1,2,2,2,1,1,2,2,2,1,1,2,2,2,2,2,2,2,1,2,1,1,2,2,2,2,2,,1,1,2,1,2,1,2,2,2,2,2,2,1,1,"Wannabe by the spice girls. Very fun, great jam, they all danced around as they went through a building.",7,20,0,,32
9/22/21 21:28,2,2,1,2,1,1,1,2,1,2,1,1,2,2,2,1,2,2,2,1,2,1,1,1,2,2,2,1,1,1,1,1,1,2,1,1,1,2,,1,1,1,1,1,1,2,1,1,1,1,1,2,1,Olivia Rodrigo just got her driver's license and she is driving through her ex's neighborhood reminiscing about their relationship. She also talks about how her ex moved on so fast for a short blond girl.,7,18,1,,19
9/22/21 21:46,2,2,2,2,1,2,2,2,2,2,1,1,2,2,2,2,2,2,2,1,2,2,2,2,2,2,2,2,2,2,2,2,2,2,2,1,2,2,,1,,1,2,2,2,2,2,2,2,2,2,2,1,Global sensation superstars BTS performed their song Dynamite.,7,22,0,,43
9/22/21 22:22,2,2,2,2,2,1,1,2,2,2,2,1,2,1,2,1,2,2,2,2,2,2,2,1,2,1,2,2,2,1,2,2,2,2,2,1,1,2,,1,1,2,2,2,2,1,2,2,2,2,1,1,2,The artists that sing the song were in a club setting dancing and singing. The main artist was interacting with a couple of specific girls.,5,20,0,,36
9/23/21 7:40,2,2,2,2,1,1,1,1,1,1,2,2,1,2,2,1,1,1,2,2,1,1,2,1,2,2,2,1,1,1,2,2,1,1,1,1,1,2,,1,1,1,1,1,1,2,1,1,1,2,1,2,2,Carly was singing in a different setting while the guy was outside on the lawnmower taking his shirt off and then it moved to cleaning the car outside and Carly was stumbling around.,3,19,0,,20
9/23/21 7:58,2,2,2,2,2,2,1,2,1,2,2,2,2,2,2,1,1,2,2,1,2,2,2,2,2,2,2,1,2,1,2,2,2,1,2,2,2,2,,1,1,2,2,2,2,1,2,2,2,2,2,1,1,"A lot of flashing lights, a fight, running and driving through a city",7,20,0,,39
9/23/21 9:10,2,1,1,2,2,1,1,2,1,1,2,1,2,1,2,1,2,2,2,2,2,2,2,1,2,1,1,1,2,1,2,2,1,2,2,2,2,2,,1,1,1,2,2,2,1,2,2,1,1,2,1,2,There was a girl dancing around in an old and gross room.,5,21,1,,29
9/23/21 9:35,2,2,1,2,2,1,1,2,2,2,2,2,2,2,2,1,2,2,2,2,2,2,2,2,2,2,2,2,2,1,2,2,2,2,2,2,2,2,,1,1,1,1,2,2,2,2,2,2,2,2,1,1,It showed moments of him and his wife together and then videos of each separately,5,21,0,,41
9/23/21 9:35,2,1,1,1,1,1,1,1,1,1,1,1,1,1,2,1,2,2,1,1,1,1,2,1,2,2,1,2,1,2,1,1,1,2,1,2,1,1,,1,1,1,2,2,2,1,1,1,1,1,1,2,2,"Roddy Ricch did a lot of different things. They were sort of the regular things you see in a hip hop video like flexing with expensive things, dancing, and being the center of all things.",4,21,1,,15
9/23/21 9:39,2,1,1,1,2,1,1,2,1,1,1,1,2,2,1,1,2,1,2,2,2,1,2,1,2,1,1,1,2,1,2,2,2,2,1,2,1,1,,1,1,1,2,1,2,1,1,1,1,1,2,1,2,It's just whitney.,4,21,1,,20
9/23/21 9:45,1,1,1,1,1,2,1,2,1,1,2,1,2,1,1,1,1,1,1,1,1,1,2,1,2,2,1,1,2,2,1,2,1,2,1,2,1,1,,1,2,2,2,2,2,1,1,1,1,1,1,1,1,MJ was being followed by a private eye or something but they could never catch him,6,23,1,,17
9/23/21 9:54,1,2,1,2,2,2,1,2,1,2,1,1,2,1,1,1,1,2,1,2,1,2,1,2,2,1,2,1,1,1,2,1,2,1,2,2,2,1,,1,2,2,1,2,1,2,1,2,1,2,2,2,1,"she watched a guy mow his lawn and he was sexy, taking his shirt off any everything. She sang the song for him and he wanted her drummers number and not hers. aww sad. but also yay for homosexual representation!",7,21,1,,26
9/23/21 10:26,2,1,2,2,2,2,1,1,1,1,2,1,2,2,2,1,2,2,1,1,1,2,2,1,2,1,2,1,1,1,1,1,1,1,2,2,2,2,,1,1,2,2,2,1,1,2,2,2,2,1,1,2,"The video was kinda of weird , a lot of different scenes that didn't really make sense together",5,20,0,,26
9/23/21 10:40,1,1,1,2,1,1,1,1,1,1,2,1,1,1,2,1,1,1,2,2,1,1,2,1,2,2,2,2,2,2,2,2,2,2,2,1,1,1,,1,1,1,2,1,2,2,2,2,2,2,1,2,2,She danced,5,21,1,,25
9/23/21 10:40,2,2,1,2,2,1,2,2,1,1,2,2,2,1,1,1,1,1,2,2,2,2,2,1,2,2,1,2,2,2,2,2,1,1,2,1,2,1,,1,2,1,1,2,1,2,2,1,1,1,2,1,2,Maroon 5's character is a boxer whos career puts strain on his marriage resulting in his wife leaving him.,5,21,1,,28
9/23/21 10:59,2,2,1,1,1,1,1,2,2,2,1,2,2,2,2,1,1,2,2,2,2,2,1,1,1,1,2,1,1,1,1,1,2,2,1,2,1,2,,1,1,1,1,1,1,1,1,1,1,1,1,1,1,"Harry saves a fish, adores it, and a beautiful timeline is shown.",6,19,1,,19
9/23/21 11:03,1,2,1,2,1,1,1,1,1,1,2,1,2,1,2,1,2,2,2,1,2,2,2,2,2,2,2,2,2,2,2,2,2,2,2,2,2,1,,1,,2,,1,,1,2,2,2,2,2,1,2,Beyonce slays with her ladies in iconic choreography,5,20,0,,31
9/23/21 11:17,2,1,1,1,2,1,1,2,1,1,2,1,2,1,1,1,2,1,2,2,2,1,1,1,2,2,1,2,2,1,2,2,2,2,2,2,1,1,,1,1,1,2,2,2,1,1,2,2,2,1,1,1,"A lot happened. She was a flight attendant, then was poisoning a guy. There was a lot to take in from it",6,19,1,,25
9/23/21 11:26,1,2,1,1,1,1,1,2,2,1,2,1,2,1,1,1,1,1,1,1,1,1,1,1,1,1,1,1,1,1,1,1,1,2,2,1,1,1,,1,1,1,2,2,2,2,1,2,2,1,1,2,1,ballerinas were dancing around a piano that Kanye was playing,3,21,1,,14
9/23/21 12:04,1,1,1,1,2,1,2,1,1,2,2,1,2,1,1,1,1,2,2,1,1,1,2,2,1,1,2,1,2,1,2,2,1,2,2,2,2,1,,1,1,1,1,2,2,2,2,1,1,2,2,2,1,The woman was singing and kind of robotically dancing at the beginning. As the chorus hit it fully switched to a couple making out on the dancefloor as the artist was dancing by herself in the dance floor.,2,26,1,,24
9/23/21 13:13,2,1,2,2,1,1,1,1,1,2,2,1,2,1,2,1,1,2,2,2,1,1,2,1,2,1,1,1,1,1,2,2,1,2,2,1,2,2,,1,1,1,2,1,2,2,1,2,1,1,1,2,2,"I just watched 24K golden make a really bad music video. I don't understand what was happening. He was singing with his friend but also his lyrics were narrating scenes that were happening in the video. I guess the music video is like a little movie on his life, but I still do not think I understood it the way I was supposed to.",5,20,1,,23
9/23/21 13:22,2,2,2,2,2,2,2,2,2,2,2,1,2,2,2,1,2,2,2,2,2,2,2,2,2,2,2,1,2,1,2,2,2,2,2,2,2,1,,1,1,2,1,2,2,1,2,2,1,2,2,2,2,"It was more of a lyric video with one photo reappearing over and over, a tad bit boring.",6,21,0,,41
9/23/21 13:26,1,1,1,2,2,1,1,1,2,1,1,1,2,1,1,1,2,2,2,2,1,1,2,1,1,1,1,1,2,1,1,2,1,2,2,1,1,2,,1,1,1,1,2,1,1,1,1,1,1,1,1,2,Michael Jackson was walking aound turning everyone to look good,4,21,1,,15
9/23/21 13:37,2,1,1,1,1,1,1,1,1,1,2,1,1,1,2,1,2,1,1,1,1,1,1,1,1,1,1,1,1,1,1,2,1,1,1,1,1,1,,1,2,1,2,1,1,1,1,1,1,1,1,1,2,"lots of shirtless man, a dirt bike show, a football game, a girl with weird hair lip syncing awkwardly, just so u know when i clicked listen on this song i thought it was a different song so i was very suprised lol",5,21,1,,7
9/23/21 14:02,2,2,2,1,2,1,1,2,2,1,2,1,2,2,2,1,2,2,2,2,2,2,2,1,2,2,2,2,2,1,2,2,2,2,2,2,2,2,,1,1,1,2,2,2,1,2,2,2,2,2,1,2,"Lil Nas X appeared in an urban neighborhood on his horse, and proceeded to square dance in the street. This prompted a women to engage in a dance battle with him, suddenly they raced. Car vs Horse. Then, Billy Ray Cyrus appeared in a Maserati Sports car, to which he drove Lil Nas X to the local saloon. They performed Old Town Road with help from Brad Pitt on the washboard. Everyone square danced.",4,20,1,,38
9/23/21 14:07,2,1,1,1,2,1,1,1,1,1,1,1,1,1,1,1,2,1,1,1,1,1,1,1,1,2,2,2,2,1,2,1,1,1,2,1,1,1,,1,1,1,2,2,2,1,1,2,1,2,2,1,1,"She broke up with her boyfriend and doesn't understand how he moved on so fast, she is going to get revenge in some way as evidenced by her buying gasoline.",7,22,1,,15
9/23/21 14:13,1,2,1,2,2,1,1,2,1,1,2,1,2,2,2,1,2,1,2,2,2,1,2,2,2,2,2,2,2,2,2,2,2,1,2,2,1,2,,1,1,,2,2,2,2,2,2,,2,2,1,2,the band was singing the song and then singing with a clown,4,20,0,,34
9/23/21 14:16,2,2,1,2,1,1,2,2,1,1,2,2,2,2,2,1,2,1,2,1,2,1,1,1,2,2,2,2,2,2,2,2,1,2,1,2,1,2,,1,1,2,2,2,2,2,2,2,1,2,1,2,2,Olivia Rodrigo driving and talking about her past relationship,5,21,1,,33
9/23/21 14:23,1,1,1,2,1,1,2,2,1,2,2,1,2,1,2,1,1,2,1,1,2,2,1,1,2,1,1,1,1,1,1,2,1,1,2,1,1,1,,1,1,1,1,1,1,1,1,1,1,1,1,1,1,was not the song i thought,1,18,0,,13
9/23/21 15:12,1,1,1,2,2,1,1,1,1,1,2,1,1,1,2,1,2,2,2,1,1,1,1,2,2,2,1,2,2,2,2,2,2,2,2,1,1,1,,1,1,1,1,2,2,1,2,2,1,2,1,1,2,Bruno Mars signing with friends in a oink suit,4,20,1,,23
9/23/21 16:21,2,2,1,2,2,2,2,2,2,2,2,1,1,1,2,1,2,2,1,1,1,2,1,1,2,2,2,1,2,1,2,1,2,2,2,1,2,2,,1,1,1,1,2,1,2,2,2,2,2,2,2,2,Harry Styles fell in love with a fish.,6,20,0,,32
9/23/21 16:23,2,2,1,2,2,2,1,2,2,1,1,1,2,2,2,1,2,1,1,1,1,2,1,2,1,2,2,2,2,1,2,2,2,2,1,2,2,2,,1,1,1,2,2,2,1,2,2,2,2,2,1,1,dancing,7,21,0,,32
9/23/21 16:30,2,2,1,1,1,1,2,2,1,1,1,1,2,1,2,1,1,2,1,1,1,2,2,1,2,1,2,1,2,2,2,2,2,1,2,1,1,1,,1,2,1,2,1,2,1,1,2,1,2,1,1,1,It seemed to be mostly set at a football game and a dirt bike arena. Grimes was often surrounded by men who were more often than not shirtless. There is definitely some symbolism behind it but im not sure what that is.,7,20,0,,22
9/23/21 16:37,1,2,2,2,2,2,1,2,2,2,2,2,2,2,1,1,2,1,1,1,1,1,2,2,1,2,2,1,1,1,1,1,2,1,2,2,1,1,,1,1,1,2,2,1,1,1,1,2,2,1,1,2,"Billie sang about being a ""bad guy"" and danced around various sets including a Hollywood home and rode a scooter through the street.",4,21,0,,24
9/23/21 16:43,1,1,1,1,1,1,2,1,1,1,2,2,1,1,1,1,2,1,2,2,2,1,1,2,2,2,1,1,2,1,1,2,1,1,1,2,1,1,,1,1,1,1,2,1,2,1,1,1,1,2,2,2,"Madonna sang what it felt like to be with this new guy, making her feel like a virgin.",3,20,1,,17
9/23/21 17:59,2,2,1,1,2,1,1,2,2,1,2,1,2,2,2,1,2,2,2,1,2,1,2,2,2,2,2,2,2,2,2,2,1,2,2,2,2,1,,1,1,1,2,2,2,1,1,2,1,1,2,1,1,Billie breaks through a yellow wall and takes out her Invisalign. She then dances in different settings with different people.,7,20,0,,32
9/23/21 19:23,1,2,1,2,2,2,1,2,2,1,2,2,2,2,2,1,1,2,2,1,2,2,2,1,2,2,1,1,2,2,2,2,1,1,2,1,1,1,,1,2,2,2,2,1,1,2,2,2,2,1,2,2,"lots of just close ups of kacey singing in diff outfits, she had a band of guys w suits behind her in one of the shots",7,20,0,,32
9/23/21 19:27,1,2,1,1,2,1,1,2,2,2,1,1,2,2,2,1,2,2,1,1,2,2,2,2,2,2,2,2,2,1,2,2,2,2,2,1,2,1,,1,2,1,2,2,2,1,2,2,2,2,2,2,1,The Weeknd went on a crazy adventure which ended with him trying to hitchhike.,5,21,0,,35
9/23/21 19:33,2,2,1,2,2,1,2,2,2,1,2,1,1,2,1,1,2,1,2,1,1,2,2,2,2,2,2,2,2,2,2,2,2,2,2,2,1,2,,1,1,1,1,2,1,1,2,2,2,2,2,1,2,"There was a group of girls that danced to Justin Bieber's song ""Sorry"" the entire music video.",5,20,0,,33
9/23/21 20:39,2,2,1,2,2,2,1,2,1,1,2,2,2,2,2,1,2,2,2,1,2,2,2,1,2,2,2,2,2,2,2,2,1,2,2,2,2,2,,1,1,1,2,2,2,2,2,2,1,2,2,2,1,Olivia was singing and dancing in various locations.,7,22,1,,39
9/23/21 20:46,2,2,2,2,2,2,1,2,2,2,2,2,2,2,2,2,2,2,2,2,2,2,2,2,2,2,2,2,2,2,2,2,2,2,2,2,2,2,,1,2,2,2,2,2,2,2,2,2,2,2,2,2,"the three singers were the main focus, and then they would show black and white clips from old shows and movies and progressed into more modern colored clips",5,20,0,,49
9/23/21 21:30,2,2,1,2,2,1,1,1,2,1,2,1,1,1,2,1,1,1,1,1,1,1,1,1,2,2,1,1,1,1,2,2,2,1,2,1,1,2,,1,1,1,1,1,1,1,1,1,1,1,1,1,2,"The guy (a pro boxer) seemed to be happy with his female partner and child but she did not appear happy. He went to a match one day, and although he won, when he came back she had left and taken the baby.",2,20,0,,14
9/24/21 6:50,1,2,1,1,1,2,2,1,1,1,1,2,2,1,1,2,1,1,2,1,1,2,2,2,2,2,1,1,2,1,2,2,2,1,2,1,1,1,,1,2,2,1,2,2,1,2,2,2,2,1,1,2,a man got painted,7,20,0,,25
9/24/21 8:14,2,2,1,2,2,1,2,2,2,2,2,1,2,2,2,2,2,1,1,1,2,2,2,1,2,2,2,2,1,1,1,2,2,1,2,2,2,2,,1,1,1,1,1,1,1,2,2,2,2,2,1,2,"Zac Brown band sang their song chicken fried in different scenes while it showed people dancing, saluting, drinkng, eating etc",3,21,0,,32
9/24/21 9:30,2,2,2,2,2,1,1,1,2,2,2,1,2,2,1,2,2,2,1,1,2,2,1,2,2,1,2,2,2,1,2,2,2,1,1,1,1,2,,1,1,1,2,2,2,1,2,1,2,1,2,1,2,She wears invisalign and rides kiddie cars and rolls around on a carpet thing and then there are bruised knees and fat men and then she sat on someone while he was doing a pushup. also she had blood coming from her nose,6,21,0,,30
9/24/21 9:44,1,2,1,1,2,1,1,2,1,1,1,1,2,2,2,1,2,1,2,1,1,2,2,2,2,2,2,2,1,1,2,2,1,1,2,2,1,1,,1,1,1,1,2,1,2,2,2,2,2,1,1,2,spice girls sang wannabe and danced,5,19,0,,25
9/24/21 10:15,2,2,1,2,2,2,1,2,2,2,1,1,2,2,2,1,2,1,2,1,2,2,2,1,2,1,2,1,2,1,2,2,2,2,2,2,2,2,,1,1,1,2,2,2,2,2,2,2,2,1,2,2,"In the music video, it seemed to play clips from the movie on Eminem's life. Lots of the lyrics correlated with some of the images on the screen.",6,19,0,,36
9/24/21 10:27,2,2,1,2,2,2,1,2,1,2,1,2,2,2,2,1,1,2,2,2,2,2,2,1,2,2,2,2,2,1,2,1,1,2,1,1,2,2,,1,1,1,1,2,1,2,2,2,2,2,2,2,1,"The girl in the music video likes the boy next door, and she was trying to catch his attention. Later, he finally notices her and enjoys her performance. Surprisingly, at the end, he gave his phone number to one guy in the band instead of the girl. It turned out that he likes guys not gals lol.",7,24,0,,34
9/24/21 10:44,1,2,2,2,2,2,2,2,2,2,2,1,2,1,2,1,2,2,1,1,1,1,1,1,2,2,2,1,1,2,2,2,1,2,2,1,2,2,,1,1,2,1,1,1,1,2,1,1,1,2,1,2,She was singing under lights where sparks were flying down at one point and then also had a part where she was flinging away fake water droplets. Mostly everyone in the video was wearing black. She also was dancing with an umbrella for a lot of the time.,7,22,0,,27
9/24/21 10:53,2,2,1,1,2,1,1,2,2,1,2,1,2,1,2,1,2,2,2,2,2,1,2,1,2,2,1,2,2,2,2,1,1,2,1,1,1,1,,1,1,1,2,2,2,2,2,2,1,1,2,1,2,"It showed the different lives of people throughout what I believe as LA, and they all are going about their lives with Tiny Dancer as their background music to life.",5,19,1,,28
9/24/21 11:35,2,2,2,2,2,2,2,2,2,2,2,2,2,2,2,2,2,2,2,2,2,2,2,2,2,2,2,2,2,2,2,2,2,2,2,2,2,2,,1,1,2,2,2,2,2,2,2,2,2,2,2,1,Olivia was riding in the car and imagining how it would been if they were still together.,6,19,0,,49
9/24/21 12:42,2,2,2,1,2,2,2,1,1,1,1,2,2,2,2,1,1,2,2,2,1,2,2,1,1,1,1,1,1,1,2,2,2,1,2,2,2,1,,1,2,2,2,2,2,2,1,1,1,1,1,2,2,The video was about heart break and the need for closure. In the video Adele is trying to make a call to her past love but does not seem to get a answer. However she get closure in at least trying.,5,19,1,,28
9/24/21 12:53,1,1,1,1,1,1,1,2,2,1,2,1,2,2,2,1,1,1,1,1,2,2,1,1,2,1,2,2,2,2,2,1,1,2,1,2,2,1,,1,1,2,2,2,2,1,1,2,1,2,1,1,2,Dancing around in different parts of a old town. feels western/country,5,19,1,,23
9/24/21 13:12,1,2,1,2,1,2,1,2,1,1,2,1,2,1,1,1,2,1,1,1,1,1,2,1,2,2,1,2,2,1,2,2,1,2,2,1,1,1,,1,1,1,2,2,2,1,2,2,2,2,2,1,1,Beyonce and her back up dancers danced along with the song.,6,20,0,,24
9/24/21 15:22,2,2,2,2,2,2,2,2,2,2,2,1,2,2,1,2,2,1,1,1,2,2,2,2,2,2,2,1,1,1,2,2,2,2,2,2,2,2,,1,1,2,2,2,2,1,2,1,2,2,2,1,2,John and his wife having ups and downs in their relationship,5,20,0,,38
9/24/21 15:30,2,2,2,2,2,2,1,2,2,2,2,2,2,2,2,1,2,1,2,1,2,2,2,2,2,2,2,2,2,1,2,2,2,1,2,2,2,2,,1,1,2,2,2,2,2,2,2,2,2,2,1,2,"Bruno Mars was going around town singing the song and dancing in different parts of town. He was walking down the street and in a court, as well as in the hair salon.",5,20,0,,42
9/24/21 17:02,2,1,1,2,1,2,2,1,2,2,1,1,1,1,1,1,2,2,1,2,2,2,1,1,2,1,1,1,2,1,2,2,1,2,2,1,2,2,,1,1,1,2,1,1,2,2,1,1,1,1,1,1,The man has worked hard to become better at boxing so he can earn more money and make his wife and a small kid proud. The video is very motivational and the music fits very well into the scenes.,7,20,1,,22
9/24/21 17:08,1,2,1,1,2,2,1,2,1,1,2,1,2,2,1,1,1,1,1,1,1,1,2,1,1,2,2,2,2,2,1,2,1,1,1,1,1,2,,1,1,2,2,1,2,1,1,1,1,1,2,1,2,"The Weeknd drove around in his car, danced, and had a bloody face.",5,22,1,,19
9/24/21 17:34,2,1,1,2,2,1,2,2,2,1,2,1,2,2,2,1,2,2,2,1,2,1,1,1,2,1,2,1,2,1,2,1,2,2,2,1,1,1,,1,2,1,2,1,2,1,1,2,1,2,2,2,1,Kanye west is in a large lot with what appear to be a ballet class playing the piano while the girls dance. Then they all sit at a large dining table and have a toast.,6,20,1,,28
9/24/21 18:11,2,2,1,1,1,1,1,1,2,1,2,2,2,2,1,1,1,1,1,1,2,1,1,1,1,1,2,2,1,1,1,1,1,2,2,2,1,2,,1,1,2,2,1,2,1,1,1,1,1,1,1,2,"It started with a monologue, which it also ended with. Kendrick drove around in a car with some other guys, floated through the streets and danced and it cut back and forth to different shots. At the end, he was on top of a street lamp, a cop came and fired a ""finger gun"" at him and it was like a real bullet hit him and fell slowly",5,21,0,,17
9/24/21 18:20,2,2,1,2,1,1,2,1,2,1,2,1,2,2,2,1,2,1,2,1,1,2,1,1,2,1,2,2,2,1,2,2,1,2,2,2,2,2,,1,1,1,2,1,2,1,1,2,1,1,1,2,1,It shows eminem starting out struggling in his life and rap battles but then throughout the video he gets better and improves himself,5,19,1,,27
9/24/21 19:10,2,2,2,1,2,2,1,2,2,2,2,1,2,2,2,2,1,1,2,1,2,2,1,1,2,2,2,2,2,2,1,2,2,1,1,2,1,1,,1,1,2,2,2,2,1,1,2,2,2,2,2,2,"She takes elements of the ""teenage dream"" idea and actively destroys them, reflecting her feelings about her lost love moving on",3,20,0,,34
9/24/21 19:12,1,2,1,1,1,1,1,1,2,1,1,1,1,1,1,1,1,1,1,1,1,1,1,1,2,1,1,1,1,1,1,1,1,1,2,1,1,1,,1,1,1,2,2,1,1,1,1,1,1,1,1,2,"At first Kesha woke up in a bath tub after a night out. Then she went downstairs and shocked her family by how she looked, and then went out to do things in the city.",5,19,0,,6
9/24/21 20:05,2,1,1,1,2,1,1,2,2,1,2,1,2,1,2,1,2,2,2,2,2,2,2,1,2,1,1,2,2,1,2,2,2,2,1,1,2,1,,1,1,1,2,2,2,1,2,2,2,1,2,1,2,abstract dancing of a little girl who I presume is meant to show Sia as a kid. The setting is in a very rundown looking home.,5,19,1,,29
9/24/21 20:06,1,2,1,2,1,1,2,1,1,1,2,1,1,1,2,1,1,1,1,1,1,2,1,1,1,1,2,1,1,1,2,2,1,1,2,1,1,2,,1,1,1,1,1,1,1,2,2,1,1,1,1,1,Ariana Grande and other celebrities recreated mean girls and other famous movies,7,21,0,,13
9/24/21 20:17,2,1,1,2,2,1,1,1,1,1,2,1,2,1,2,1,2,2,2,2,2,1,1,1,2,1,2,1,2,1,1,1,1,2,2,1,1,2,,1,1,1,1,1,2,2,1,,1,1,2,2,2,It started off with roddy rich in his car about to race someone while singing the lyrics and then proceeded to roddy in a basketball game where he dunked the ball and put his arm in the rim.,3,19,1,,21
9/24/21 20:57,1,2,1,1,1,1,1,1,1,1,1,2,1,2,1,2,1,1,1,1,1,2,1,2,1,2,2,2,2,1,1,2,1,1,1,1,1,1,,1,1,1,1,1,1,1,1,2,2,1,1,2,2,Madonna was singing in Europe about a virgin. She was displayed as a women who was in love with a man who wore a lions mask. A lion was also shown in this music video.,4,20,0,,14
9/24/21 21:15,2,2,1,2,2,2,2,2,2,1,2,2,2,2,2,1,2,2,2,2,2,2,1,2,2,2,2,1,2,1,2,2,2,1,2,2,2,2,,1,1,1,1,2,1,2,2,2,2,2,2,2,1,Rhianna is dancing around with an umbrella,6,20,0,,39
9/24/21 21:32,1,2,1,1,2,1,2,1,2,2,2,2,1,2,2,1,2,2,2,1,1,2,1,2,2,2,2,2,2,1,2,2,2,2,2,2,2,2,,1,1,1,1,2,2,2,2,2,2,2,2,2,2,Taylor Swift made a fool of herself but owned it.,4,20,0,,36
9/24/21 23:33,1,2,1,2,2,2,2,2,2,2,2,1,2,1,1,2,2,2,2,1,1,2,2,2,2,2,2,2,2,2,2,2,2,2,2,1,2,2,,1,2,1,2,2,2,2,2,2,2,2,2,2,2,This music video comprised of Beyonce and two backup dancers dancing while Beyonce sings. The room is solid white and does not change except for a few times the lighting changed,5,20,1,,41
9/24/21 23:41,2,1,1,2,2,1,1,1,2,2,1,1,2,1,1,1,2,2,2,2,2,1,2,1,2,1,1,1,1,1,2,2,2,1,2,1,2,2,,1,1,1,1,1,1,1,2,1,1,1,1,2,1,Differente scenes of people walking happily,4,20,1,,21
9/24/21 23:50,1,1,1,1,2,2,1,1,2,2,2,1,2,1,2,1,2,1,2,1,2,1,2,2,2,2,1,2,2,1,2,1,2,2,1,2,2,1,,1,1,1,2,2,1,1,1,1,2,2,1,2,2,"The music video showed clips of Lady Gaga and Bradley Cooper singing their song ""Shallow"" from the movie A Star is Born.",7,20,1,,26
9/25/21 1:43,1,2,1,2,2,1,2,1,2,2,1,2,1,1,2,1,2,2,2,2,2,1,1,1,2,1,2,2,2,1,2,2,2,1,2,1,1,1,,1,1,1,1,2,2,2,2,2,2,2,2,2,2,"Pharrell Williams sang and danced in different settings, and people of varying backgrounds did the same.",5,19,0,,30
9/25/21 6:41,2,2,1,2,1,1,2,2,2,2,2,1,2,1,2,1,2,2,2,2,2,1,2,1,2,2,2,2,2,2,2,2,1,2,1,2,1,2,,1,1,1,1,1,2,2,2,2,2,2,2,2,2,Whitney Houston will always love you and no one can match her voice.,6,19,1,,35
9/25/21 7:05,2,2,1,1,1,1,1,1,1,1,2,1,1,1,1,1,2,1,1,1,1,1,2,2,2,2,1,2,2,1,1,2,1,2,2,1,1,1,,1,1,1,2,1,2,1,1,2,1,2,2,1,2,Kendrick Lamar describes racial discrimination and police brutality from his experience growing up in a low-income minority area.,3,20,0,,18
9/25/21 7:24,2,2,1,1,1,2,1,2,2,1,1,2,2,1,2,1,1,1,1,1,1,1,1,1,2,2,2,2,2,1,1,2,1,1,1,1,1,1,,1,1,1,2,1,1,1,2,1,1,2,1,1,2,Britney Spears was a flight attendant on a plane attempting to seduce different men. Then the scene switched and she was riding a motorcycle through a city.,4,21,0,,17
9/25/21 7:39,1,2,1,2,1,1,1,2,2,1,2,2,2,1,1,1,1,2,2,2,2,2,1,1,2,2,1,2,2,1,1,2,1,2,2,1,2,1,,1,1,1,1,2,2,2,2,2,1,1,2,1,1,"Music video opens up with the weekend signing in some kind of night club. Everyone is wearing masks.Eventually, the weekend finds a woman who is not wearing a mask and they dance together. Then the women holds a gun to the weekends head. Then the weekend shoots himself but the gun is fake and every applauds.",7,20,1,,26
9/25/21 9:24,2,1,1,2,2,1,1,1,1,2,2,1,2,1,2,1,2,1,1,1,1,1,1,1,2,2,1,2,2,1,2,2,1,2,1,1,1,2,,1,1,1,2,1,2,1,1,2,1,1,1,1,2,"The Weeknd was traveling through a city at high speeds in his Mercedes while singing about the blinding lights. Most of the video contained the colors black and red, and his face was even bleeding.",6,20,1,,19
9/25/21 9:28,1,2,2,1,2,2,2,2,2,1,1,2,2,2,2,1,1,1,2,1,2,2,2,2,2,1,2,2,2,2,2,1,2,1,2,2,1,1,,1,2,1,1,2,1,2,2,2,2,2,2,2,2,Grimes was filmed dancing/interacting with other people in a sports arena.,5,19,0,,34
9/25/21 9:47,1,1,1,1,1,1,1,1,1,1,1,1,1,1,1,1,2,1,2,2,2,1,1,1,2,1,1,1,2,1,2,2,2,2,2,1,2,1,,1,1,1,2,2,2,2,2,2,2,1,2,1,2,"Jay-z Rapped his verse in the rain, then Rihanna sung her parts in the rain occasionally with an umbrella.",5,20,1,,20
9/25/21 9:57,2,1,1,1,1,1,1,2,2,1,1,1,2,2,2,1,2,1,1,1,1,1,2,1,1,2,2,2,1,1,2,1,1,2,2,1,1,1,,1,1,1,1,1,2,1,2,1,1,1,1,1,1,There were 2 guys in the music video. The guys are singing about not wanting to tell the giels what should and should not be doing. Maybe these girls changed after fame and money got to their heads.,5,22,0,,16
9/25/21 11:03,2,2,1,2,2,1,2,1,2,2,2,2,2,2,2,1,2,2,2,2,1,2,2,1,2,2,2,2,2,1,2,2,2,2,2,2,2,2,,1,2,2,2,2,2,2,2,2,2,2,2,2,1,the music video started with multiple scenes of the highway and of people in cars all of different backgrounds listening to the song.,6,23,0,,43
9/25/21 11:52,1,2,1,2,2,1,1,2,2,1,2,2,2,1,2,1,2,1,2,2,2,2,1,1,2,2,1,2,2,1,1,2,1,2,1,1,2,1,,1,1,1,2,2,2,1,1,2,1,1,2,2,2,"The lead singer was with his family, and there was also a boxing scene.",5,19,1,,27
9/25/21 11:54,2,1,1,1,2,1,2,1,1,1,1,1,2,1,2,1,2,2,1,2,2,1,1,1,1,1,1,1,1,1,2,2,1,2,2,1,2,2,,1,1,1,1,1,2,1,2,1,1,1,2,1,1,An emotional girl was asking for a second chance in a dark yet optimistic setting.,7,21,1,,18
9/25/21 12:01,2,1,1,2,1,1,2,2,2,1,2,1,2,1,2,1,1,1,1,1,2,2,1,1,2,1,2,1,1,2,2,2,1,2,2,2,1,2,,1,1,1,1,1,1,2,2,2,1,2,1,2,2,the bad was singing and playing with different angles and weird dance moves,6,19,0,,24
9/25/21 12:05,1,2,2,2,1,2,1,2,2,1,1,1,2,2,1,1,1,1,1,1,2,2,1,2,2,1,2,2,2,1,2,2,2,1,2,2,1,1,,1,1,1,2,2,2,1,1,2,1,2,2,1,2,Adele was sitting in a chair singing most of the video in an empty house. There were glasses on the floor vibrating to the beat.,5,20,0,,26
9/25/21 13:07,2,1,1,2,1,1,1,1,1,1,2,1,2,1,2,1,2,1,1,1,1,1,2,1,2,2,2,1,2,2,1,2,1,2,2,1,1,2,,1,1,1,2,1,2,1,1,2,1,1,1,2,2,There was a detective looking for Michael Jackson who seems to be on the run. The detective never ends up catching him and is arrested at the end.,5,19,1,,20
9/25/21 13:54,2,1,1,1,2,1,1,1,1,1,1,1,2,1,1,1,1,1,1,1,2,1,1,1,2,1,1,2,1,1,2,1,1,1,1,1,2,1,,1,1,1,1,2,1,2,1,1,1,1,2,2,2,There is only a cover of beattles in the video.,5,20,1,,12
9/25/21 14:16,2,1,1,1,2,1,2,2,2,1,1,1,2,1,1,1,2,2,2,2,2,2,1,1,2,1,1,1,2,1,2,2,2,2,2,2,2,2,,1,1,1,1,1,2,1,2,1,1,1,1,2,2,"the walls were being colored in geometric designs with warm colors like brown, peach, cream and the were covering the artist too",4,20,0,,25