ParticipantID,Race,Gender,Age
ece08dcc-8b4a-4a99-ba50-796ac7b56383,Black,Male,31
6161d2c1-a1f2-4864-87e6-466860bfa709,Indigenous,Male,26
732df516-1425-477a-afbe-af3e1bbf65d6,White,Male,22
1a1c77b1-f622-476a-b38c-6013447f77ad,White,Male,26
1e69ea17-e894-43cc-8126-ae0811042c76,Black,Male,24
b55cc6bd-6730-4792-be02-cc86b7adc600,White,Female,25
598f8a9a-4a7f-499c-ae82-8268f343fe7e,Latino,Female,22
b8456393-ccdc-4423-8062-385801562e58,Latino,Female,24
86f148b6-79fc-491e-8d19-b75fec0c5647,Asian,Female,44
84c268ec-2db6-427a-817b-a196766eaabe,Black,Male,51
a8a333ca-36b8-4ce1-b5c0-9811092a908c,Asian,Male,55
c986ad76-3858-4e8d-b812-d4b6b6ad4c7a,Black,Female,35
61ea8a6b-57b8-4d91-af96-0aeb30044df4,Asian,Male,53
1806f73d-4ae0-4bed-816c-965b87541491,Black,Female,38
fe6b760d-970f-4558-89c5-058583c2f58a,Indigenous,Male,47
981c43cb-0fc9-4553-9382-7a02c6b31be3,Asian,Male,33
d0715c3a-66e1-487d-a53f-fa2cbf8d3f71,White,Male,35
72fbff68-712d-4d77-bd83-cf8f510fe30a,White,Female,18
8626078a-2e4b-4162-adf6-f308041f706c,Latino,Female,19
01d69b67-9359-41e1-830d-d8c72cf8a948,Asian,Male,48
a5b3213e-fc8c-4c5c-b93e-3829e9a57cbf,Asian,Female,41
fe7460be-284f-4072-943d-6c9f3bed917f,White,Female,58
9afac611-adf6-4d0f-946e-40ab1179c5bc,Black,Male,54
2882f6cc-a3ff-4b2d-8f39-82bdf18dd1f4,Asian,Male,43
0d6f4d11-f286-4c4a-9d05-7be680636f0d,Black,Male,18
319b1161-d924-4232-a8fc-dd05926a0026,Asian,Female,44
2b3492bb-bb59-41a8-9e58-7ce4a5070cb4,White,Male,55
59360e38-a9e1-477e-924c-5cf095a5fe62,Black,Female,49
76693495-0e32-4d0f-8217-72914f49b69f,White,Male,38
154192a9-cb29-4f8e-818d-aa41c0d151f7,Latino,Male,26
cd617e61-efef-49a3-a508-9bc163e7ff88,Indigenous,Male,52
feb6fc38-6d43-4af9-b186-409197a17df7,Indigenous,Female,34
e7a14747-3c6d-427c-8833-102fbbad374e,Black,Male,51
113513b2-ab5f-4cb6-bbd6-40b258fc0e3f,White,Male,23
a2f04841-a460-4745-a239-ce7104723bc8,Black,Male,50
4f47e129-5e32-42e8-a29e-35e528106a9b,Black,Male,36
6b1e1655-dc78-4a75-9bcf-a9dbdb272890,Black,Male,36
8760f4db-668e-435a-9d71-7d5cfe346921,Asian,Female,20
2c36d166-e514-49ea-ada9-e2a3ce4dc7f1,Latino,Male,18
8ff3e8bd-441c-4c78-bddb-08e42fdb2a0c,Black,Male,59
f5daa500-06bb-4aa0-a08d-6ce098c17be9,Indigenous,Male,45
13e6b3df-712b-49f4-919b-8d4fa19b97ed,Black,Female,57
9aeca0cc-ce1d-49a4-9c99-58edf8eb4f8f,Black,Female,42
c054e154-0119-4e20-8fa5-89bf2bd74df3,White,Female,26
bcea4355-411a-4e45-bbb0-6a5ddb6fed03,Latino,Female,18
8492499c-fa4a-4ef2-a97e-f2bb12173b6d,Indigenous,Female,43
196740fc-0ad5-4575-83da-626512cc61b3,White,Male,56
8fae156d-03b9-42ad-a2c7-181e30fd4f2f,Indigenous,Female,34
2e0bac32-df00-4776-9bbb-e3f8e9ed86b6,Asian,Female,25