RecordedDate,song1,song2,song3,song4,song5,song6,song7,song8,song9,song10,song11,song12,song13,song14,song15,song16,song17,song18,song19,song20,song21,song22,song23,song24,song25,song26,song27,song28,song29,song30,song31,song32,song33,song34,song35,song36,song37,song38,AttentionCheck,ATTchck,song39,song40,song41,song42,song43,song44,song45,song46,song47,song48,song49,song50,CHOICE,describe,certainliking,age,gender,gender_selfdescribe
9/15/21 8:15,1,1,2,2,1,1,1,1,2,1,1,2,1,1,1,1,1,1,1,1,2,2,1,1,1,1,1,1,1,1,1,1,1,1,1,1,1,2,1,0,1,1,1,1,1,2,1,1,1,1,1,2,1,There are people who dance to Justin Bieber's songs,7,21,0,
9/15/21 11:26,1,1,1,1,1,1,1,1,1,1,2,1,1,2,1,1,2,1,1,2,2,1,1,1,1,1,1,1,1,1,2,1,1,1,1,1,1,2,1,0,1,1,1,1,1,1,1,1,1,1,1,1,1,He's singing about his girl and they are spending time with each other and in the end they get married.,3,19,1,
9/15/21 13:44,2,1,1,1,1,1,1,1,1,1,2,2,2,1,2,1,1,1,1,1,1,1,1,1,2,1,1,2,1,1,1,1,1,1,2,1,1,1,1,0,1,1,1,1,1,2,2,1,1,1,1,1,1,"It started off with just Taylor dancing, but then a bunch of other girls jumped in doing similar things",5,21,1,
9/15/21 14:14,1,1,1,1,1,1,1,1,1,1,2,1,1,1,1,1,2,1,1,1,1,1,1,1,2,2,1,2,2,1,1,1,1,2,1,1,1,1,1,0,1,1,1,2,1,1,1,1,1,1,1,1,2,Michael Jackson killed it,5,21,1,
9/15/21 17:42,1,1,1,1,1,1,2,2,1,1,1,1,1,1,1,1,2,2,2,2,1,1,2,1,1,1,1,2,1,1,1,1,1,1,1,1,1,1,1,0,1,1,1,1,1,1,1,2,1,1,1,1,1,It was an interesting video that ended with The Weeknd having a gun up to his head.,4,20,1,
9/18/21 8:26,1,1,1,1,1,1,1,1,1,1,2,1,1,1,1,1,1,1,1,1,1,1,1,1,1,2,1,1,1,2,2,2,1,2,1,1,1,1,1,0,1,1,2,1,2,1,1,2,1,1,1,1,2,very entertaining,4,21,1,
9/18/21 11:42,1,1,1,1,1,1,1,1,1,1,1,1,1,1,1,1,1,1,1,1,1,1,1,1,1,1,1,2,2,1,1,1,1,2,1,1,1,1,1,0,1,1,1,1,1,1,1,1,1,1,2,1,2,It's about Whitney Houston singing about how she will always love her bodyguard and friend,5,23,1,
9/18/21 13:30,1,2,1,1,1,1,1,1,2,1,1,1,1,1,1,1,1,1,1,1,1,1,1,1,2,1,1,1,1,1,1,1,1,1,2,1,1,1,1,0,1,1,1,1,1,1,1,1,1,1,1,2,2,At first she took out her Invisalign. Then the song began with her looking into the camera and her nose bleeding.,6,19,0,
9/17/21 17:49,1,1,1,1,1,1,1,1,1,1,2,1,1,1,1,1,1,1,1,1,1,1,1,1,1,1,1,1,1,1,2,1,1,1,1,1,1,1,2,0,2,1,2,1,2,1,1,2,1,1,1,1,1,Jay Z was at the start of the video singing in front of falling sparks. Then Rhianna came on and did a lot. Played with CGI water. Played with an Umbrella. Also there was one point where there was a girl in silver paint naked doing something.,5,20,1,
9/16/21 7:37,2,1,1,1,1,1,1,1,1,1,2,2,1,1,1,1,2,1,1,1,1,1,1,1,1,2,1,1,2,1,2,1,1,1,1,1,1,2,,1,1,1,1,1,1,1,1,1,1,1,1,1,2,"dancing, rain",5,19,0,
9/18/21 8:20,2,2,1,1,1,1,1,2,1,1,1,1,2,2,1,1,2,1,1,1,1,1,1,1,1,1,1,1,1,1,1,1,1,1,1,1,1,1,,1,1,1,1,1,2,1,1,2,1,1,1,1,1,I have seen this video many times I really enjoy the part where he is President,4,21,1,
9/15/21 7:24,2,1,1,1,1,1,2,2,1,1,2,1,2,2,1,1,1,1,1,1,2,1,1,1,1,2,2,1,1,2,1,1,1,1,2,1,2,1,1,0,1,1,1,1,1,1,1,1,1,1,1,2,1,A guy and his band performed a music video in a dark room with smoke machines.,3,20,0,
9/15/21 7:31,2,1,1,1,1,1,1,1,1,1,2,1,1,1,2,1,2,2,1,2,1,2,1,1,1,1,1,1,1,1,2,2,1,2,1,1,1,1,1,0,1,1,1,1,2,1,1,1,1,1,1,1,2,"He drove around for a little bit, spent time outdoors, and came home to his family.",4,21,1,
9/15/21 8:16,1,2,1,1,2,2,1,2,1,1,1,1,2,1,1,1,1,1,1,1,1,1,1,2,2,2,1,2,2,1,2,1,1,1,2,1,1,1,1,0,2,1,1,2,2,1,2,1,1,2,2,1,1,iconic dance moves,7,22,1,
9/15/21 9:21,1,1,1,2,2,1,1,2,1,1,1,1,2,2,2,1,1,2,1,1,2,1,1,1,2,2,2,2,2,1,1,1,1,2,1,1,1,1,1,0,1,1,1,2,2,2,1,1,1,1,2,2,1,No idea,5,19,1,
9/15/21 9:29,2,1,1,1,2,1,1,1,2,2,1,1,2,2,2,1,1,1,1,1,2,2,2,2,2,1,1,1,1,1,1,1,1,2,2,1,1,2,1,0,1,1,1,1,1,1,2,2,2,2,2,1,1,There are four girls in the music video.,6,21,1,
9/15/21 10:42,2,1,1,2,2,1,2,2,2,1,1,1,2,1,1,1,1,1,1,1,1,1,2,2,2,2,1,2,2,2,2,1,1,2,1,1,1,1,1,0,1,1,2,2,2,1,1,2,1,1,1,1,2,24k was vibing in a car for a bit,4,20,1,
9/15/21 13:47,1,1,1,1,1,1,1,1,1,1,2,1,1,1,1,1,2,1,1,1,2,1,2,1,2,2,1,2,2,2,1,1,1,2,1,1,1,1,1,0,1,1,2,1,2,1,1,2,1,1,1,1,1,a guy was singing while the scene changed frequently to lighting or buildings etc,7,19,1,
9/15/21 13:48,2,1,1,2,1,1,1,1,2,2,2,1,1,1,1,1,1,1,1,2,2,1,1,1,2,1,2,1,2,2,2,2,1,2,1,1,1,1,1,0,1,1,1,2,1,2,1,1,1,1,2,2,2,"A girl tries to attract the super attractive neighbor. He is taking no notice of her. She ""falls"" when washing her car. He helps her out. Then once they are introduced, she is singing for him with her band, and then he gives a note that says ""Call Me"" to a guy--after all of her ""hard work.""",4,21,0,
9/15/21 14:07,1,2,1,1,2,2,2,1,1,2,2,2,1,1,1,1,1,1,1,1,1,2,2,1,2,2,1,2,1,2,1,1,1,1,2,1,1,1,1,0,1,2,1,2,1,2,1,1,1,2,1,2,2,britney was a flight attendant and cleaned up the drink she spilled from the guys lap and other overly sexualized acts.,4,20,0,
9/15/21 15:03,2,1,1,1,1,1,1,2,1,1,1,1,2,1,1,1,2,1,2,1,1,1,1,1,2,2,1,1,1,1,2,2,1,2,2,1,2,1,1,0,1,1,2,1,2,1,1,2,1,1,1,1,1,The weekend performing at a masquerade. Has a fake weapon as a prop for the performance.,6,22,1,
9/15/21 15:54,2,2,1,2,1,1,1,1,1,2,2,1,2,1,2,1,2,2,1,1,2,2,1,1,1,1,2,1,1,1,1,1,1,2,1,1,1,2,1,0,1,1,2,2,1,1,1,1,1,1,1,1,2,It was Harry Styles running around with a fish. And as time went on the fish got bigger and bigger. Overall it was a weird music video,3,19,1,
9/15/21 19:04,1,2,1,2,2,1,1,2,2,1,2,1,2,1,2,1,1,1,1,1,2,2,1,1,2,1,2,1,1,1,1,1,2,1,1,1,1,2,1,0,1,1,1,2,1,1,1,2,1,2,2,1,2,He was trying to follow and get to a girl but on the way he became beaten and being hurt physically,5,20,0,
9/16/21 9:59,2,1,1,1,1,1,1,2,1,2,1,1,2,2,1,1,1,1,2,2,2,2,2,1,2,1,1,1,2,1,2,2,2,2,1,1,1,1,1,0,1,,1,1,2,1,,,,,,,1,"I mean, it's Alicia throwback displayed",4,21,1,
9/16/21 11:13,1,1,2,2,2,1,1,1,1,1,2,1,2,1,2,1,2,1,2,2,1,1,1,1,1,2,2,1,2,2,2,1,1,1,1,1,2,1,1,0,1,1,2,2,1,1,1,1,1,1,2,1,1,Dua Lipa and DaBaby were in a concert setting.,7,21,1,
9/16/21 19:22,2,2,2,2,1,1,1,2,1,1,2,2,1,2,2,1,1,1,1,2,1,1,1,1,2,2,2,1,1,2,2,2,1,1,1,1,1,2,1,0,1,1,1,1,1,1,2,1,1,1,1,1,1,Harry Styles was talking to a fish and taking it everywhere with him they ate tacos and saw different views on the mountain.,3,19,0,
9/16/21 21:11,1,1,2,2,1,1,2,2,2,1,1,2,2,2,1,1,1,2,1,1,1,2,1,1,1,1,2,1,1,1,1,1,1,1,1,1,1,2,1,0,1,1,1,2,1,2,2,1,1,1,1,1,1,Playing and singing in the forest,6,20,0,
9/16/21 21:24,2,1,1,1,1,1,2,1,1,1,2,1,2,1,2,1,2,1,2,1,2,1,1,1,2,2,1,1,2,1,2,2,1,1,2,1,1,1,1,0,1,1,1,2,1,1,2,2,1,1,1,1,2,An old lady went on the run from the police after crashing her car.,5,21,1,
9/17/21 13:20,2,1,1,2,1,1,2,2,1,1,1,1,2,1,2,1,2,1,2,2,2,1,1,1,1,1,1,1,1,1,2,2,1,1,1,1,1,1,1,0,1,1,2,1,2,1,1,1,1,1,1,1,2,Usher sang,4,21,1,
9/17/21 13:22,1,1,1,2,2,1,1,2,2,1,1,1,2,1,1,1,2,2,1,1,1,1,2,1,1,1,1,1,2,1,1,2,1,2,2,1,1,1,1,0,1,1,1,2,1,1,1,1,1,1,1,2,2,"OAsis were singing. No story line, music video is boring but the song is legendary.",4,21,1,
9/17/21 14:20,2,2,1,1,2,2,2,2,2,1,1,1,2,2,1,1,1,1,1,1,1,1,2,2,2,2,2,2,2,2,1,1,1,2,1,1,1,1,1,0,1,1,2,1,1,1,1,1,1,1,1,1,2,the BTS guys were singing and performing in their Dynamite music video,7,20,1,
9/17/21 15:35,2,2,1,1,1,1,1,2,2,1,2,2,2,1,1,1,2,2,2,1,1,1,1,1,1,1,1,1,1,1,1,1,1,2,1,1,1,1,1,0,1,1,2,1,2,1,1,1,1,1,1,1,1,The Weekends seems to be singing at a ceremony and his face is botched,7,19,0,
9/17/21 16:02,1,1,1,1,2,1,1,2,2,1,1,1,2,2,2,1,2,1,1,1,1,1,1,1,1,1,2,1,1,1,2,1,1,1,1,1,1,2,1,0,1,1,1,1,2,1,1,1,1,1,2,1,1,They were singing in different settings with constant flows of light.,6,21,1,
9/18/21 8:46,2,1,1,1,1,1,1,2,1,1,1,1,2,1,1,1,1,1,2,1,1,1,2,1,1,1,1,1,1,2,2,2,1,2,1,1,1,1,1,0,1,1,2,1,2,1,1,2,1,1,1,1,1,They were sitting around in a garage or warehouse looking place,6,21,1,
9/18/21 13:24,2,1,1,2,1,1,1,1,1,1,2,1,2,1,2,1,2,1,1,1,1,1,2,1,2,2,2,1,1,2,1,2,1,2,2,1,1,2,1,0,1,1,2,1,2,2,1,1,1,1,1,2,1,Kendrick is depicting racial discrimination and police brutality in the city.,5,19,1,
9/18/21 14:43,2,2,1,1,1,2,1,2,2,2,2,1,2,1,2,1,2,1,1,1,1,2,1,1,1,1,1,1,1,1,2,1,1,1,1,1,1,1,1,0,2,1,2,1,2,1,1,2,2,2,1,1,1,its billie ellish ive seen it before. she rides in a funny little car and has fat men moving her bellies to the music. she wears funky outfits,6,22,0,
9/17/21 15:26,1,1,1,1,1,1,1,2,1,1,2,1,2,1,2,1,2,1,1,1,2,1,1,1,2,1,1,2,2,1,2,1,1,2,1,1,1,1,2,0,2,1,2,1,2,1,1,1,1,1,1,1,1,The music video was Micheal Jackson dancing in the street. There were a lot of confusing elements to the video and I didn't completely understand what was happening.,6,20,0,
9/17/21 21:27,2,1,1,1,1,1,1,1,1,1,1,1,2,1,2,1,2,1,1,1,1,2,1,1,2,1,1,1,1,1,1,2,1,1,2,1,2,2,2,0,1,1,1,1,1,2,1,1,1,1,1,2,1,The weeknd singing blinding lights on a rooftop in a city,4,21,0,
9/15/21 9:13,1,1,1,2,1,1,1,2,1,1,1,1,1,1,1,1,2,1,2,1,1,1,1,1,2,2,1,2,2,1,1,2,1,1,1,1,1,1,,1,1,1,1,1,1,1,1,2,1,2,2,1,1,"Michael was singing about how a girl claimed that a child was his, which he disagreed with said assumption. Every step he took, the floor tile/ stair step under his foot/feet would light up.",6,20,1,
9/15/21 10:30,1,1,1,1,1,1,1,2,1,1,2,1,2,1,1,2,2,1,2,1,1,1,2,1,2,2,1,2,2,2,2,2,1,2,2,1,1,1,,1,1,1,1,1,1,1,1,1,1,2,1,1,1,"I wish I knew, very hectic a little weird he drove a car fast and stumbled everywhere",5,19,0,
9/15/21 11:12,1,1,1,2,1,1,1,1,1,1,2,1,2,1,1,1,1,1,2,2,2,1,1,2,2,2,2,1,2,1,2,2,1,2,2,1,1,1,,1,1,1,1,2,1,1,1,2,1,2,2,2,2,"I starts with Michael Jackson walking down a street at night, he then ends up going to someone's room, presumably Billie Jeans, and no one is there.",4,19,1,
9/15/21 12:49,1,2,1,2,1,1,1,2,2,2,1,2,2,2,2,1,1,2,2,1,2,2,1,1,1,1,2,1,1,2,1,1,2,2,1,2,1,2,,1,1,1,1,1,1,1,1,1,1,1,1,1,1,The song revolves around the song title which is old town road as an old town is shown and the video is shot on one of its roads.,6,19,1,
9/15/21 13:25,2,1,1,1,1,1,1,1,1,2,2,1,1,1,1,1,2,1,1,1,1,2,1,2,2,2,1,2,2,1,2,1,1,1,2,1,1,2,,1,2,2,1,1,1,1,1,1,2,2,2,2,2,Kacey Musgraves stood against trees in western wear.  People danced behind her.  The motif of an arrow was present and represented what she was singing about.,5,20,0,
9/15/21 13:45,2,1,1,1,1,2,1,2,2,1,1,1,2,1,2,1,2,1,1,1,1,2,1,1,1,2,1,2,1,1,2,1,1,1,1,1,1,1,,1,1,1,2,1,2,1,1,1,1,2,1,1,1,Dua Lipa and Da Baby were singing in an elevator.,2,20,0,
9/15/21 13:55,2,2,1,2,1,1,1,1,2,2,1,2,1,2,1,1,1,1,1,1,2,2,2,2,2,1,2,2,1,1,1,1,1,1,1,1,1,2,,1,1,1,1,2,1,1,1,1,1,1,1,1,2,Adele sang while sitting on a chair.,2,20,0,
9/15/21 13:58,2,1,1,2,1,1,2,2,1,2,2,1,2,1,2,1,2,1,1,1,1,1,2,1,2,2,1,2,2,1,2,2,1,1,1,1,2,1,,1,1,1,1,2,1,1,1,1,1,1,1,1,2,A girl manically danced around and was surrounded by a lot of other people in a vacant housing unit. Creepy but there is definitely underlying messages.,6,20,0,
9/15/21 14:02,2,2,1,1,2,2,2,1,1,1,2,1,2,1,2,1,2,1,2,1,1,1,1,1,1,2,1,1,2,1,2,2,1,1,1,1,2,2,,1,1,1,1,1,1,1,1,1,1,1,1,1,1,Bruno Mars and others danced around on a city street with people dancing.,6,20,1,
9/15/21 14:07,2,1,1,1,1,1,2,1,1,1,2,1,1,1,2,1,2,1,1,1,1,2,2,1,2,1,1,1,2,2,2,2,2,2,1,1,1,1,,1,1,1,1,1,2,1,1,2,1,1,2,2,1,Usher was snapping on the dance floor no kizzy,4,20,1,
9/15/21 14:21,2,2,1,1,1,1,2,2,1,1,2,1,1,1,1,1,1,2,2,2,1,2,1,1,1,1,2,1,2,2,1,2,1,1,1,1,1,2,,1,1,1,2,1,2,2,2,1,2,1,1,2,2,He was singing and dancing and opening champagne bottle and spraying it everywhere,5,19,1,
9/15/21 15:05,1,1,1,2,1,1,2,2,1,2,2,1,2,1,2,1,1,1,1,1,2,2,1,1,2,1,1,1,1,1,1,2,1,1,2,2,2,2,,1,1,1,1,1,1,1,1,2,2,1,1,1,2,it was aggressive,7,18,0,
9/15/21 15:42,1,2,1,1,1,1,1,1,1,2,2,2,1,2,2,2,1,1,1,1,2,1,2,2,1,2,2,2,1,1,2,1,2,1,1,2,1,2,,1,1,2,1,1,1,1,1,1,1,2,2,1,1,She was driving in a convertible alone and then was in a room by herself upset.,6,20,0,
9/15/21 16:13,2,1,1,1,1,2,1,1,1,1,1,2,1,2,1,2,1,1,1,1,1,2,1,2,2,2,2,2,2,1,1,1,1,1,1,2,1,1,,1,1,1,1,1,1,1,2,2,2,2,1,2,1,"Ariana Grande sang Thank U, Next in a video that had scenes from four well known movies in the early 200's. All of which featured leading women roles.",7,20,0,
9/15/21 16:14,1,1,1,1,2,1,1,2,1,1,1,1,2,1,2,1,2,1,2,1,2,1,1,1,2,2,1,2,2,1,2,1,1,1,1,1,1,1,,1,1,1,2,2,2,1,1,2,1,1,2,2,1,"Roddy Ricch was shot in many different scenes from racing cars, to breaking into a safe, to dunking a basketball, etc.",5,19,1,
9/15/21 17:12,2,1,1,1,1,1,1,1,2,2,2,1,1,2,2,1,1,2,2,1,2,2,2,1,1,2,1,1,2,1,1,1,1,1,2,2,1,2,,1,1,1,2,2,1,2,2,1,1,1,1,1,1,I was interested at first but  increasingly  less.so as it continued.,7,20,0,
9/15/21 18:17,1,1,1,1,1,2,2,1,1,2,2,1,1,1,2,1,1,1,1,2,2,1,1,1,2,2,1,2,2,1,1,2,1,1,1,1,1,1,,1,1,1,2,1,2,1,1,2,1,1,1,1,1,multiple car rides around a big city with exotic costumes and smoking,6,22,1,
9/15/21 18:27,1,1,1,2,2,1,1,1,1,1,2,1,1,1,1,1,2,2,2,1,1,1,1,2,2,2,1,2,1,2,2,2,1,2,2,1,1,1,,1,1,1,1,2,2,1,2,2,1,2,1,1,1,Brittany Spears was having quite the good time,6,20,1,
9/15/21 19:45,2,2,1,2,2,2,1,2,1,1,1,1,2,2,1,1,1,2,1,1,1,2,1,1,2,1,2,1,1,1,1,1,1,2,1,2,1,2,,1,1,1,1,2,1,1,2,1,1,1,1,1,2,"A black man was riding a horse down a road and many people came outside and were very confused as to what was going on. One girl joined in and danced along. Also, the guy on the horse raced a car and won.",5,20,0,
9/15/21 19:56,2,2,1,2,1,1,1,1,1,1,2,2,1,1,2,1,2,1,1,1,1,2,1,1,1,2,1,1,2,1,1,1,2,2,1,2,1,1,,1,1,2,1,1,1,2,1,1,1,1,1,1,1,there was an intro montage without the song and then the video basically just cut between clips of classic southern things that the song talks about and clips of the band performing the song in a casual backyard kind of stage,7,20,0,
9/15/21 21:35,2,1,1,2,2,1,2,2,1,1,2,1,1,2,2,2,2,2,1,1,2,1,1,1,2,2,2,2,2,2,1,1,1,2,1,1,1,1,,1,1,1,1,1,1,1,1,1,1,1,1,1,2,"They kept jumping from scene to scene with the different lyrics of the song. It would be the chicks then a car, or building or action taking place that is going on in the song.",6,21,1,
9/16/21 9:53,1,2,1,1,1,1,2,2,1,1,1,1,2,1,2,1,2,2,1,1,1,1,1,1,2,1,2,1,2,1,2,2,1,1,2,1,1,1,,1,2,1,2,2,2,1,1,2,1,2,1,1,2,"During the duration of the video, Adele was found seated in an isolated chair. There was dancing, a lost of dust/smoke and seemed to be very metaphorical.",5,20,0,
9/16/21 13:05,2,2,2,2,1,2,1,2,1,1,2,1,2,2,1,2,2,1,1,1,1,2,2,1,1,1,2,1,1,1,1,2,1,1,2,1,1,2,,1,1,2,1,2,1,1,1,1,1,1,1,1,1,kesha woke up in a strange house and left on a bike where she ended up getting into a car after,5,20,0,
9/16/21 17:58,2,1,1,2,1,1,1,2,1,1,2,1,2,2,2,1,2,1,2,1,2,1,2,1,1,2,2,2,1,1,2,2,1,2,1,2,1,1,,1,1,1,1,1,1,1,1,2,1,1,1,1,1,"The music video was action packed with blood, fast cars, bright lights, upbeat music.",6,20,1,
9/16/21 18:38,1,1,2,1,1,1,2,1,2,1,1,1,1,1,2,1,1,1,1,1,1,2,1,1,2,1,1,1,2,1,2,1,2,1,2,1,1,2,,1,1,1,1,1,2,2,2,1,2,2,2,2,2,Taylor swift sang shake it off,5,21,1,
9/16/21 20:06,2,2,1,1,1,2,1,2,2,1,1,2,2,1,2,1,1,1,1,1,1,1,1,1,1,2,2,2,2,1,2,2,1,1,1,1,1,1,,1,1,1,2,1,1,1,2,2,1,2,1,1,1,"Olivia Rodrigo was wearing a cheerleading outfit in different locations, including a grocery store and a school gym. She is singing to a possible ex-boyfriend about how they seem so much happier and better now that they moved on while she is still angry and upset. The video ends with her in a bedroom on fire.",6,21,0,
9/16/21 22:12,1,2,1,2,1,1,1,1,2,1,1,1,1,1,2,2,2,1,1,1,1,1,1,1,1,1,1,1,1,1,1,2,1,1,1,2,1,1,,1,1,2,2,1,2,1,1,2,1,2,1,1,1,Police brutality/Discrimination,5,21,0,
9/17/21 8:59,1,1,1,1,1,1,1,1,1,1,1,1,2,1,1,1,2,1,2,2,2,1,1,1,1,1,1,1,2,1,1,2,1,2,1,1,1,1,,1,1,1,2,1,1,1,1,2,1,1,2,1,1,She sang,5,19,1,
9/17/21 10:17,2,2,2,2,1,2,1,2,1,2,1,2,1,2,2,2,1,1,1,1,2,1,2,1,2,1,2,1,2,2,2,1,1,1,1,1,1,1,,1,1,2,2,1,1,1,1,1,1,1,1,1,2,"they colored the background and then painted people to ""blend in."" then the people started singing at each other.",5,20,0,
9/17/21 10:44,2,1,1,2,2,1,1,1,1,1,2,1,1,1,1,1,2,1,1,1,2,1,2,1,2,2,1,2,2,1,2,1,1,2,1,1,1,1,,1,1,1,2,2,2,1,1,1,1,1,1,1,2,The music video was just a picture of the song cover.,4,19,1,
9/17/21 12:41,1,2,1,1,1,1,1,1,1,1,1,1,1,1,2,1,2,1,1,1,1,1,2,1,1,2,1,2,2,1,1,1,2,2,1,1,1,1,,1,1,1,2,1,2,1,1,2,1,1,2,1,1,nothing. It is the number 1,7,22,0,
9/17/21 22:02,1,1,1,2,1,1,2,1,2,1,1,1,1,1,1,1,2,1,1,2,2,2,1,1,2,1,1,1,1,1,1,2,1,2,1,1,2,2,,1,1,1,2,1,1,2,2,1,1,1,1,1,1,"In the video Kanye West played on the piano and the ladies performed a dance. The table of people was watching the performance and the music by KW was also great, even though very monotonic.",5,20,1,
9/18/21 11:14,1,1,1,2,2,1,1,1,1,1,2,1,1,1,1,1,2,1,1,1,1,1,2,1,2,2,2,2,2,2,1,2,1,2,2,1,1,1,,1,1,1,1,2,1,1,1,1,1,1,1,2,1,Adele sang in different rooms and the viewpoints were changing,5,20,1,
9/18/21 14:55,1,1,1,2,2,1,1,2,1,1,1,2,2,1,2,1,1,2,2,1,1,1,1,1,2,2,1,2,2,1,1,2,1,2,1,1,1,1,,1,1,1,2,2,1,2,1,1,1,1,2,1,2,"The woman jumped in the piano which led her to a forest. Then it led her to an ocean storm, where she could've died, but was saved by the magic door in the piano, back to where she once was.",6,22,1,
9/15/21 7:49,1,2,2,2,2,2,2,1,2,1,1,1,1,1,2,1,1,2,1,2,2,2,1,1,1,1,1,2,2,1,2,2,1,2,2,1,2,2,1,0,1,1,1,1,2,2,1,2,2,1,2,1,2,A group of female dancers are dancing all kinds of dances,4,21,0,
9/15/21 8:45,2,2,2,1,2,2,2,1,1,2,2,2,1,1,1,1,2,1,1,1,1,2,2,2,2,2,2,1,1,1,1,2,2,2,2,2,1,1,1,0,1,2,2,2,2,1,2,1,1,1,2,1,2,"Adela was singing, sitting in the chair most of the time",4,20,0,
9/15/21 10:06,1,2,1,1,1,1,2,2,1,1,1,2,1,1,1,1,2,2,2,2,2,2,2,2,2,1,2,1,2,1,1,1,1,1,1,1,1,1,1,0,1,1,2,1,2,2,1,2,2,2,2,2,1,just a mv for music video,4,20,1,
9/15/21 12:01,2,1,1,2,2,1,1,2,1,1,2,1,2,1,2,1,2,1,2,2,2,2,1,1,2,1,1,2,2,1,2,2,2,2,1,2,1,2,1,0,1,1,2,2,2,1,1,2,1,1,2,2,2,They raced. They robbed a bank. Scaled a building. Danced,4,18,1,
9/15/21 13:43,2,2,2,1,1,2,2,1,2,2,2,2,1,2,2,1,2,1,1,1,2,2,2,1,1,2,2,1,1,1,2,1,1,1,2,1,1,2,1,0,2,1,1,1,2,2,2,2,1,1,1,2,1,She went into a piano and discovered a magical forest which lead her to rocky ocean until she ended up back in the cottage.,7,20,0,
9/15/21 13:49,2,1,1,2,1,1,1,1,1,2,2,1,2,1,2,1,2,2,2,2,1,1,1,2,2,1,2,2,2,1,2,2,1,2,2,1,1,2,1,0,1,1,2,2,2,1,2,2,2,2,2,2,2,Kendrick was singing and rapping while a girl was showing up in the video,4,19,1,
9/15/21 14:06,2,1,1,2,2,1,1,1,1,1,1,1,2,1,2,1,2,2,2,2,2,2,1,1,2,1,2,2,2,1,2,2,2,2,2,1,1,2,1,0,1,1,2,2,2,2,2,2,1,2,1,2,2,It started with people copying what Ariana Grande had rumored to do so they could be like her. Then it was a lot of random scenes with dancing.,4,19,1,
9/15/21 14:15,1,2,2,1,1,1,1,2,2,1,1,1,2,2,2,1,1,2,2,2,2,2,1,1,1,2,2,1,2,1,1,1,1,2,1,1,2,2,1,0,2,1,2,1,2,1,1,2,1,1,1,2,1,Kendrick Lamar takes the point of view of police brutality against black communities and shows how although he was born into the disadvantaged side of society that at the end of the day they will be alright,7,20,1,
9/15/21 15:17,1,2,1,1,1,2,1,2,2,1,2,2,2,2,1,1,1,2,2,1,1,1,1,2,2,2,2,2,2,2,2,2,1,2,2,2,1,1,1,0,2,2,2,1,2,1,1,2,1,2,1,1,1,Basically Kacey is saying that you can't win so you might as well do what makes you happy and the music video corresponds with the lyrics (when she talks about religion they show a pastor),6,21,0,
9/15/21 16:25,1,1,1,2,2,1,1,1,1,1,2,1,2,1,2,1,2,1,2,2,2,1,2,1,2,2,1,2,2,2,2,2,1,2,1,1,2,1,1,0,1,1,2,2,2,1,1,2,1,1,2,2,2,John Legend showcased his love for this woman while also singing on the piano,2,19,1,
9/15/21 16:45,1,2,1,2,2,1,1,2,2,1,2,2,2,1,2,2,2,1,2,2,2,1,2,1,2,2,2,2,1,2,2,2,1,2,1,1,1,1,1,0,1,2,1,2,2,2,2,2,1,2,1,1,2,There was a car and he was singing and rapping around cars and attractive girls,3,20,1,
9/15/21 17:15,1,1,1,2,1,1,1,1,1,1,2,2,2,2,1,1,1,2,2,2,1,1,2,2,2,2,1,2,2,1,2,2,1,2,2,1,1,2,1,0,1,1,1,1,2,2,2,2,1,2,1,2,2,She's dancing on like a canal side by a river and at one point is on like a hotel room couch,5,20,1,
9/15/21 19:32,1,2,1,1,2,1,1,2,2,1,2,2,1,2,2,2,2,1,1,1,2,2,2,1,1,2,2,2,1,1,2,2,1,2,2,2,1,1,1,0,1,2,1,2,1,1,2,2,2,2,1,1,1,The music video was describing what occurs between many men and women almost everyday mainly in relationships.,7,18,0,
9/15/21 21:28,1,2,1,2,1,1,1,1,1,2,2,1,1,1,1,1,1,1,1,1,1,1,1,2,2,2,1,2,2,1,1,2,2,2,2,2,1,1,1,0,1,1,2,2,2,1,2,2,2,2,1,1,1,They were singing to yeah,7,20,0,
9/15/21 22:12,2,2,1,2,2,1,2,1,2,2,1,2,1,1,1,1,2,2,2,1,2,1,1,1,2,1,1,2,2,2,2,1,1,2,1,2,1,1,1,0,1,1,2,1,,2,1,1,1,1,2,1,1,The emotion of the lead singer is gradually advanced in the video layer by layer.,5,21,1,
9/16/21 14:46,2,1,1,2,1,1,1,2,1,1,2,1,2,1,1,1,2,1,1,2,2,1,1,1,2,2,1,2,2,2,2,2,1,2,2,2,2,1,1,0,1,1,2,2,2,2,1,2,2,2,1,1,1,"The video went through what was happening in the song, it went through the lyrics",5,19,1,
9/16/21 15:15,1,2,2,2,2,2,1,2,2,1,1,1,2,2,2,1,1,1,1,1,1,2,1,1,2,2,2,1,1,1,2,1,1,1,2,2,2,2,1,0,1,1,1,1,1,1,2,1,1,2,1,2,2,crazy girl dancing,7,21,1,
9/16/21 21:36,1,2,2,1,2,1,1,2,2,1,1,1,2,2,2,1,2,1,1,2,2,2,1,1,2,1,1,1,2,1,2,2,2,2,1,1,1,1,1,0,1,1,2,2,2,2,2,2,1,1,2,2,1,"Roddy Ricch was doing all kinds of things such as racing, playing basketball, breaking in and playing dice games with money.",7,21,0,
9/17/21 9:06,2,1,1,1,2,1,1,1,2,2,2,1,1,1,1,1,1,1,2,1,2,1,1,2,2,2,2,2,2,1,1,1,1,1,2,2,2,1,1,0,1,2,1,2,1,1,1,2,2,1,2,1,1,Musgraves sang about self-acceptance and telling the audience to not worry what other people judge them for,5,20,1,
9/17/21 9:19,2,1,1,2,2,1,2,1,2,1,2,1,2,1,2,1,1,1,1,1,1,1,2,1,2,2,2,2,2,1,2,2,1,2,1,2,1,1,1,0,1,2,2,2,1,1,1,1,1,1,2,1,1,The video mostly featured the Zac Brown Band performing at a barbecue,5,21,1,
9/17/21 9:37,2,2,1,2,1,1,1,2,2,1,2,2,2,1,1,1,1,2,2,2,2,2,1,1,2,2,1,2,2,1,1,1,1,2,1,1,2,2,1,0,1,1,2,1,2,2,2,2,1,1,1,2,2,"A private eye was hired to gather evidence on Michael Jackson. However, for whatever reason, Michel Jackson can disappear before the private eye gets any evidence that he existed. At the end of the video, the private eye is being taken away by the cops with an invisible man walking behind them.",2,20,1,
9/17/21 11:30,2,1,1,1,2,1,1,2,2,1,2,1,2,2,2,1,2,1,1,1,1,2,1,1,1,1,2,2,1,1,2,1,2,2,2,1,2,1,1,0,1,1,1,2,1,1,2,1,1,2,2,1,2,24kgolden is singing to the camera,4,23,0,
9/17/21 12:02,2,2,1,1,1,2,1,2,2,2,2,1,2,2,2,1,1,1,2,1,1,2,1,2,1,2,2,2,2,1,2,1,2,1,1,2,1,2,1,0,1,2,1,1,1,1,2,2,2,2,1,2,2,Miley Cyrus danced around in a mirrored neon lit room,1,20,0,
9/17/21 13:45,1,1,1,2,2,1,2,2,2,2,1,2,2,1,2,1,1,2,2,2,1,2,1,1,1,1,1,2,2,1,2,1,1,2,2,2,1,2,1,0,1,1,2,2,2,2,2,1,1,1,1,1,1,Freestyle battle,7,20,1,
9/17/21 15:31,1,1,1,2,2,1,1,1,1,2,2,1,2,1,1,1,2,2,2,2,2,1,2,1,1,2,1,1,2,1,2,2,2,2,2,2,2,1,1,0,1,1,1,2,2,1,2,2,1,2,2,1,2,Everyone was happy,4,20,1,
9/17/21 17:28,2,1,1,1,2,2,1,2,2,1,1,1,2,2,1,1,2,1,1,1,2,2,1,1,2,1,2,1,2,1,2,2,2,2,2,1,2,2,1,0,1,1,2,2,2,1,2,2,2,2,2,2,1,"In the video, Olivia was basically saying how she would pass by an old lover's street and wonder what he is up to. The whole video is her basically in his neighborhood and showing that she misses what she had.",7,20,0,
9/17/21 20:39,2,1,1,2,1,1,1,2,1,1,2,1,2,1,2,1,2,2,2,2,2,1,1,1,2,1,1,1,2,2,2,2,1,2,2,1,1,1,1,0,1,2,2,1,2,2,2,2,1,1,1,2,1,Shows girls being in different kinds of moods to Ian Dior and 24kgldn in the music video,6,19,1,
9/18/21 10:09,2,1,1,2,2,2,2,1,2,2,2,1,2,1,1,1,1,1,1,2,2,2,2,1,2,2,2,2,2,2,2,2,2,2,1,2,2,1,1,0,1,1,2,2,2,2,1,2,1,1,1,1,1,they had a chicken fry,7,19,1,
9/18/21 12:01,2,2,1,2,2,2,2,2,1,1,1,1,2,1,2,1,2,1,1,1,2,2,1,1,2,1,2,1,2,1,2,2,2,2,2,1,1,2,1,0,2,1,2,2,2,2,1,2,2,2,1,2,2,"Michael was walking through an alley, there was a man with a trench coat and newspaper flying.",6,21,0,
9/18/21 15:01,2,1,1,2,2,1,1,2,1,1,1,1,2,1,1,1,2,1,2,1,2,1,2,1,2,2,1,2,2,2,2,2,1,2,2,1,1,1,1,0,1,1,2,2,2,1,1,1,1,1,1,1,2,"In the music video Rihanna mostly dances on different sets, while for Jay Zs verse he is seen rapping with background dancers behind him",4,19,1,
9/15/21 7:33,2,2,2,2,2,2,2,2,1,1,1,1,2,1,2,1,2,1,2,2,2,2,1,1,2,2,1,1,2,2,2,1,1,2,2,1,1,2,2,0,2,2,2,2,2,2,1,1,2,1,1,1,2,People were playing instruments and dancing,7,20,0,
9/16/21 8:12,1,2,2,2,1,2,1,1,1,2,2,2,1,1,2,1,2,2,1,1,2,1,1,2,2,2,2,2,2,1,2,2,1,2,1,2,2,2,2,0,2,1,2,2,2,1,2,1,1,2,2,1,1,Harry Styles had a fish that grew rapidly and the fish broke the bowl it was in so they drug the fish to the ocean,3,20,0,
9/15/21 7:46,1,2,2,2,2,2,2,2,2,2,2,1,2,2,1,1,2,1,2,2,2,2,1,1,2,1,2,1,2,1,2,2,2,1,2,2,1,2,,1,1,1,1,2,1,1,2,2,1,1,2,1,2,"it was weird contraptions moving around. almost like it was radio waves, etc.",4,20,0,
9/15/21 7:52,2,1,1,1,1,2,1,2,1,2,2,1,1,2,2,1,2,2,1,1,1,1,2,1,2,2,2,2,2,1,2,2,1,2,2,2,1,1,,1,1,1,1,2,1,1,2,1,1,1,2,1,2,Imitated a rave like scene with choppy clips and flashing lights,5,20,0,
9/15/21 8:15,1,1,1,1,2,1,1,1,2,1,2,2,2,1,2,2,1,2,2,2,2,2,2,2,2,2,2,1,2,1,2,1,1,2,1,1,2,1,,1,1,1,1,2,1,2,2,2,1,2,2,1,2,She was singing about glitter in her eyes and had glitter around her eyes. He started singing in a mirror box and then she eventually joined him.,5,22,1,
9/15/21 8:28,2,2,1,1,2,1,2,2,2,1,1,1,1,2,2,1,1,1,1,1,1,2,1,1,1,1,2,1,2,1,2,2,2,2,2,1,2,2,,1,1,1,1,1,2,2,2,2,1,1,2,2,1,It was a very digital like robot and a lot of electronics type of video,6,19,0,
9/15/21 8:48,2,2,1,2,2,2,1,1,2,2,2,1,1,2,2,2,1,1,1,1,1,2,2,2,1,2,2,1,1,1,1,1,1,1,1,2,1,2,,1,1,2,1,2,1,1,1,1,1,1,1,2,1,"The singer (Carly Rae Jepson) is singing about her neighbor. She thinks he is attractive and wants him to call her so they can possibly go on a date. In the beginning she is hiding from him as he looks at her, but by the end she is washing her car and falls off. He comes over and helps her up. As she is writing her number down to give to him, he writes his number down and gives it to another male member of the band.",5,21,0,
9/15/21 8:57,1,2,1,2,2,2,1,2,2,1,2,1,2,1,2,1,1,1,1,1,1,2,2,1,1,2,2,2,2,2,2,2,2,2,1,1,1,2,,1,1,2,2,2,1,1,1,1,1,1,1,1,1,A group of ballerinas danced while Kanye West played the piano and sang the song.,7,21,1,
9/15/21 9:01,1,2,1,2,2,2,1,2,2,1,1,1,2,1,2,1,1,1,2,2,2,2,2,2,2,1,1,1,2,1,2,1,2,2,2,2,2,1,,1,2,1,1,2,1,2,2,1,2,2,2,2,2,"this young girl with nice clothing style and a relaxing voice, singing and dancing to the beat of the song. very organic video. wasn't really listening to the lyrics but I liked the beat of the song. I didn't get the point of the two guys lifting weights in the dressing room with a towel around their waist.",5,38,1,
9/15/21 10:11,2,2,1,1,2,2,1,2,2,2,2,1,1,2,2,2,2,1,1,1,1,1,1,1,2,2,2,2,2,2,2,2,1,1,1,2,1,1,,1,2,1,2,2,2,1,1,2,2,2,2,1,1,Grimes played a girl watching a dirt bike rice and she was at a football game. She is surrounded by men and seems to be the only woman in focus.,6,20,0,
9/15/21 10:29,2,2,2,1,1,1,1,2,2,2,2,2,1,1,2,1,2,1,2,1,2,2,2,2,1,2,2,1,2,1,2,2,1,1,2,2,1,2,,1,2,2,2,2,1,1,2,1,1,1,1,1,1,"Ariana Grande used the movie Mean Girls to tell the story of her ""thank u, next"" song",4,21,0,
9/15/21 11:30,2,1,1,2,2,1,1,2,1,1,2,2,2,2,2,1,2,1,1,1,1,1,2,1,2,2,1,2,1,1,2,2,1,2,2,2,2,1,,1,1,2,2,2,2,1,1,2,1,1,1,1,2,Sia was dancing around a rather bland apartment through all the different rooms.,5,20,1,
9/15/21 11:38,1,2,1,1,1,2,1,2,2,1,1,1,2,1,1,1,2,1,1,1,1,2,2,2,1,2,2,2,2,2,2,2,1,2,2,2,1,1,,1,1,2,1,1,1,1,1,1,1,2,1,1,2,"The Weeknd was walking and dancing around the Las Vegas strip very obviously high on drugs, bloodied up, then speeding and drifting his car around the city",4,21,0,
9/15/21 11:46,2,2,2,1,2,2,1,1,1,1,2,1,2,2,1,1,1,1,1,1,1,2,2,1,1,1,2,1,2,2,2,2,2,1,2,2,2,2,,1,1,2,1,1,1,1,2,2,2,2,1,1,2,she started off singing at her piano and then she was singing on a bus,4,21,0,
9/15/21 12:19,1,2,1,1,1,2,1,2,1,1,2,1,2,1,2,2,1,2,1,1,1,2,1,2,2,2,1,2,2,1,2,2,1,1,2,1,2,1,,1,1,2,2,1,1,1,1,1,2,2,2,2,2,"You see the Weeknd's facial reconstruction post-surgery, while a lot of the other people wear masks, and at the end he sticks a gun to his head, but it's just confetti.",5,19,0,
9/15/21 12:19,2,2,1,2,1,1,1,1,2,2,2,1,2,1,1,1,2,1,2,1,2,1,1,1,2,2,1,1,2,2,2,2,2,2,2,2,2,1,,1,1,1,1,1,2,1,1,2,2,2,2,1,1,The video shows him singing the song (presumably naked?) with an artistic design in the background and paint coming into the background and onto his face,7,21,0,
9/15/21 12:36,1,2,1,1,2,2,1,2,2,1,2,1,2,1,2,1,2,2,2,1,1,2,2,1,2,2,2,1,1,1,2,1,1,1,2,2,2,2,,1,1,1,2,2,1,2,2,2,1,2,2,1,2,"a lot. There were some fat guys breathing, her bleeding out her eye then wiping it on her face, a bunch of people on tine vehicles.",4,19,1,
9/15/21 12:40,2,1,1,2,2,1,2,1,2,2,2,2,2,2,1,2,1,2,1,1,2,2,1,2,2,1,2,2,2,1,2,2,2,2,1,1,1,2,,1,1,1,1,2,1,1,2,1,1,2,2,2,2,"At first she was playing the piano, then it went to her riding a bus, and there were prisoners doing yard work and then she was visiting someone in jail.",6,21,0,
9/15/21 13:44,2,1,1,2,2,1,1,2,1,1,2,1,1,1,2,1,2,2,2,2,2,2,2,1,2,1,1,2,2,1,2,2,1,2,2,2,2,2,,1,1,1,2,2,2,1,2,2,1,1,2,1,2,Many dancers danced around in bright colors.,3,21,1,
9/15/21 13:47,1,2,1,2,1,1,1,2,2,1,2,2,2,1,2,1,1,1,2,1,2,1,1,1,2,2,2,1,1,1,2,2,1,2,1,1,1,2,,1,1,2,1,1,1,2,1,2,2,1,1,1,1,Bruno Mars danced around to his song with background dancers as he sang.,5,21,0,
9/15/21 13:48,1,1,1,2,2,1,1,1,1,1,1,1,1,1,1,1,1,2,1,2,2,1,2,1,2,2,1,2,2,2,2,2,2,2,2,2,1,1,,1,1,1,1,2,2,1,2,2,1,2,2,1,1,"I am not entirely sure. It started out with a monologue and some brief shots of violence and peaceful scenery, and then the song started playing and Kendrick floated down the street and there was cars drifting.",7,19,1,
9/15/21 13:49,1,2,1,1,2,2,1,1,2,2,2,2,1,1,2,1,1,1,1,1,1,1,1,1,2,2,1,2,2,2,2,2,2,1,2,2,2,1,,1,1,2,1,2,1,1,1,1,2,2,1,2,2,It was their album cover. Red with a yellow 1.,2,19,0,
9/15/21 14:03,2,1,1,2,2,1,2,1,1,2,2,1,1,1,1,1,1,2,2,1,1,2,1,2,2,2,1,2,1,1,2,2,1,2,2,1,1,2,,1,1,2,2,2,1,1,1,2,1,2,1,1,2,A teenage girl leaves her house to go out and party for the night,4,20,0,
9/15/21 14:06,1,2,1,2,1,2,1,2,2,2,2,2,2,1,2,1,1,1,1,1,2,2,2,2,2,2,2,2,2,1,2,2,1,1,1,2,1,1,,1,1,2,1,2,1,1,1,2,2,2,2,1,2,taylor swift was playing the piano and every time it glowed gold she stepped inside of it. very much Narnia vibes,4,18,0,
9/15/21 14:20,1,1,1,1,2,2,1,2,1,1,2,1,2,1,1,1,1,1,1,1,1,1,2,1,2,2,1,1,2,2,1,2,2,2,2,2,1,1,,1,2,2,2,2,2,1,1,2,1,1,1,1,1,She was just singing in a couple different locations based around a football game.,5,23,1,
9/15/21 14:21,2,1,1,2,1,1,1,2,2,1,1,1,2,2,2,1,2,1,2,2,2,2,1,1,2,1,2,1,1,1,2,2,1,2,1,1,2,1,,1,1,1,2,2,2,1,1,2,1,1,1,2,1,The artists discussed getting into arguments/conflicts with loved ones and the different moods resulting from said arguments/conflicts.,5,20,1,
9/15/21 14:23,2,2,2,2,1,2,1,1,2,2,2,1,1,1,2,1,2,2,2,1,1,2,1,1,1,1,2,1,1,1,2,2,1,2,2,2,1,2,,1,1,1,2,1,2,2,2,1,2,2,2,2,1,lil nas showing up to a rural town with his horrse and everyone kinda in shock as he rides his horse along side cars,5,21,0,
9/15/21 14:35,2,2,1,2,2,1,1,1,2,1,1,1,1,1,1,1,1,1,2,1,2,1,2,2,1,2,1,2,2,2,2,2,2,2,2,2,2,1,,1,1,1,2,2,2,1,2,2,2,2,1,1,2,Laga Gaga and Bradley Cooper sang shallow with a piano on a stage,5,19,0,
9/15/21 14:38,2,1,1,2,1,2,2,2,2,2,2,1,1,1,1,2,1,2,1,1,1,1,1,2,2,2,2,2,2,1,2,2,1,2,2,2,2,2,,1,1,1,1,1,1,1,2,2,2,2,1,2,2,Teens dancing to a Justin Bieber song,2,19,0,
9/15/21 14:42,1,2,1,2,2,2,1,2,2,2,2,2,2,2,2,1,2,1,1,1,1,1,2,1,2,2,2,2,2,1,2,1,1,2,2,2,1,1,,1,1,2,2,2,2,1,2,1,1,1,1,1,2,"There was a ton of emotion in each scene of the video, whether is was the powdered paint covering the city landscape or the still water glasses shaking and trembling next to each other. You could tell that the video displayed built up frustration and anger.",3,19,0,
9/15/21 14:43,1,1,1,2,2,1,1,2,1,2,2,2,2,2,1,1,1,1,1,1,2,1,2,2,1,2,2,2,2,2,2,2,1,2,1,1,2,1,,1,1,1,1,1,2,1,2,2,1,1,2,1,1,"The weekend was originally disoriented, then he got into a car. He then sped through a city, went into a club, some lady used the force on him and then he proceeded to get beat up by bodyguards. He then ran out of the club and attempted to hitchhike, now bloodied by the guards",5,21,1,
9/15/21 14:45,2,2,2,2,1,2,2,1,1,1,1,2,2,1,2,2,2,2,2,2,2,2,2,1,1,1,2,1,1,1,2,2,2,2,1,1,2,1,,1,1,1,1,2,2,2,1,2,2,2,1,2,2,The music had this 20th century feel. It had three main singers. It use many scenes from the 1900s to show how women have not been treated right and not given a apology for all the wrong.,2,18,1,
9/15/21 14:50,1,2,1,2,2,2,2,1,2,2,2,2,1,1,2,2,1,1,1,1,1,1,2,1,2,2,2,2,2,2,2,1,2,2,1,2,2,1,,1,1,2,1,2,2,1,1,2,1,1,2,1,1,There was lots of old clips playing as the chicks sang,4,21,0,
9/15/21 15:06,2,1,1,2,2,1,2,2,1,2,2,1,2,1,2,1,2,2,2,2,2,2,2,1,2,2,1,2,2,2,1,2,1,2,1,2,2,1,,1,1,1,2,2,2,1,1,2,1,1,1,2,1,"A lot of quick cuts to a lot of different people of all ethnicities/lifestyles dancing in streets, buses, malls, train stations, etc.",6,19,1,
9/15/21 15:07,1,1,1,1,1,1,1,2,2,2,1,1,2,1,2,1,2,1,2,1,2,1,2,2,1,2,1,2,2,2,2,2,2,2,1,2,1,1,,1,1,1,2,1,2,1,2,2,1,2,2,1,2,Black and white video of the band performing the song in different style of videography,4,20,1,
9/15/21 15:24,1,2,1,2,2,2,2,2,1,1,2,1,2,1,1,1,1,1,2,1,2,1,1,1,2,2,2,2,2,2,2,2,2,2,1,2,1,1,,1,1,1,2,2,2,1,1,1,1,2,2,1,2,"Alicia Keys sings, scenes of prison work and jail",6,20,1,
9/15/21 16:08,2,1,1,2,1,1,1,2,1,1,2,1,2,1,1,1,2,2,2,1,1,1,2,1,2,2,1,2,2,1,2,2,1,2,1,2,2,1,,1,1,1,2,1,1,1,2,2,1,1,1,1,1,"The video jumps from people performing on stage, to clips from a film that revolves around two people in a relationship who share the stage together.",6,21,1,
9/15/21 16:15,2,2,2,2,1,2,1,1,2,1,1,1,2,2,1,1,1,1,1,1,1,1,1,2,1,1,1,,1,1,2,2,1,2,2,2,2,2,,1,2,1,1,1,1,1,2,2,2,2,1,1,1,It was a bunch of young girls fan girling over just Bieber and dancing,2,21,0,
9/15/21 16:21,2,2,1,1,1,2,1,2,2,2,2,2,2,1,2,1,2,2,2,1,1,2,1,1,2,1,2,1,2,1,2,2,2,2,1,2,2,1,,1,1,2,1,2,1,1,1,2,1,1,2,1,2,The artist is jumping around and full of energy and then at the end his mood drops and he is sitting in his car with his head on the steering wheel.,3,20,0,
9/15/21 16:22,1,2,1,2,2,2,2,2,2,1,1,2,2,2,2,1,1,1,1,1,1,2,1,1,1,1,2,1,1,1,2,1,1,1,1,2,2,2,,1,1,2,1,2,1,2,1,1,1,2,1,1,1,Taylor Swift was in variety of costumes with other people in the same costumes and was dancing and singing around,4,20,0,
9/15/21 17:11,1,1,1,1,2,1,1,2,2,1,2,1,2,1,2,2,1,2,1,1,2,1,2,2,2,2,1,2,2,1,2,2,2,2,2,2,1,1,,1,1,2,2,2,2,1,2,2,2,1,2,1,1,she was singing with different scenes of people coming around her,4,20,0,
9/15/21 17:20,2,1,1,2,1,2,2,2,1,1,2,1,2,2,1,1,2,2,2,2,1,1,1,1,2,2,2,1,1,1,2,2,1,2,2,2,1,2,,1,1,2,1,2,1,1,2,2,2,2,1,2,2,There was a young boy and Zac brown was watching him,5,20,0,
9/15/21 19:28,1,2,1,2,2,1,1,2,2,1,1,1,1,1,1,1,1,2,2,2,2,2,1,1,2,1,1,1,2,1,2,2,2,2,1,1,2,1,,1,1,1,1,2,1,1,2,2,1,1,2,2,2,she was washing her car trying to get the boy next door attention. she tried to give him her number but he was interested in the guy instead of her.,7,20,0,
9/15/21 19:35,2,2,1,1,2,1,2,2,1,1,1,1,2,2,2,1,2,2,2,2,2,2,1,1,1,1,1,1,2,1,2,2,2,1,2,1,2,2,,1,1,1,1,1,1,2,2,1,2,1,2,2,2,The video took place with the being in different rooms dancing and then coming together it was neat.,7,23,0,
9/16/21 9:54,1,1,1,2,1,1,1,1,1,1,2,1,1,1,2,1,1,1,2,2,1,1,2,1,2,2,2,2,2,1,2,2,2,2,2,1,1,1,,1,1,1,2,1,2,2,2,2,1,2,1,2,2,"Marshal Mathers participates in a ""rap battle"" where he is judged because he is a white boy from Detroit.",4,21,1,
9/16/21 10:25,2,1,1,2,1,1,2,2,2,1,2,1,2,1,2,1,1,1,1,1,2,2,1,1,2,1,2,1,1,2,2,2,1,2,2,2,1,2,,1,1,1,1,1,1,1,2,2,1,1,1,2,1,"Lots of effects, dancing, and close ups.",5,19,0,
9/16/21 10:41,1,1,1,2,2,1,2,1,2,2,2,1,2,2,1,1,1,1,1,1,2,2,2,1,2,2,2,2,2,2,2,2,2,2,2,2,2,1,,1,1,1,2,2,1,1,2,2,1,2,2,1,2,Usher danced,3,21,1,
9/16/21 11:15,2,2,2,2,1,2,1,2,2,2,1,1,2,2,2,1,2,1,1,1,1,1,2,1,2,1,2,2,1,2,2,2,2,1,1,1,2,1,,1,1,1,2,2,2,1,1,1,1,1,1,1,2,They were singing and paint was being painted on them and then removed at the end. I've actually seen this music video before and I really like it.,4,20,0,
9/16/21 11:19,2,2,1,1,1,1,1,1,2,2,2,1,1,1,1,2,2,1,1,1,1,1,2,2,1,2,1,2,2,2,1,2,2,2,2,1,1,1,,1,1,1,2,1,2,1,1,2,2,2,2,1,2,"Robyn is in a night club and sees someone she used to like kissing someone else, so she dances by herself.",4,20,0,
9/16/21 12:13,1,2,1,2,1,2,1,2,2,1,2,1,2,2,2,1,1,1,1,1,1,2,2,1,1,2,2,2,2,1,1,2,1,1,1,2,1,2,,1,1,2,2,1,1,1,2,1,2,2,2,1,1,Miley is dancing around with colored lights,7,20,0,
9/16/21 13:11,1,1,1,2,2,2,2,2,2,2,2,2,1,1,2,1,1,1,1,1,2,2,1,1,1,2,1,2,1,2,2,1,1,1,1,2,2,1,,1,1,2,2,2,1,2,2,1,1,2,2,1,2,"There were several different scenes; her rolling around on yellow ground in, fat men puffing out their stomach, blood rolling down her nose, her scootering around with people, and then her sitting on a man while he did pushups",6,21,0,
9/16/21 13:44,1,2,1,1,1,2,1,1,1,1,2,1,2,1,1,2,2,1,1,2,1,1,2,2,2,2,1,2,2,1,2,2,1,2,2,1,1,1,,1,1,1,2,2,2,1,2,2,2,2,2,1,2,"Madonna was singing on a boat going down a river, and also in a white gown in a big, fancy building.",6,20,0,
9/16/21 14:33,1,2,1,1,1,2,2,2,1,1,1,2,2,1,1,2,2,1,2,1,1,2,2,2,2,2,1,1,2,1,2,1,2,1,2,1,1,1,,1,2,2,1,2,2,1,2,2,2,2,1,1,2,a bunch of different things,7,20,0,
9/16/21 15:29,1,2,1,2,1,2,1,2,2,2,2,2,1,2,2,1,1,1,2,2,2,2,2,2,2,1,2,2,1,1,1,2,1,2,2,2,2,1,,1,1,2,1,2,1,1,1,1,1,2,2,2,2,That guy is sitting and singing with a guitar and the camera keep switching angle.,6,20,1,
9/16/21 17:42,1,2,1,2,2,1,1,2,2,2,1,1,2,1,2,1,1,2,2,1,2,2,1,1,2,1,1,1,1,1,2,2,1,2,2,2,2,1,,1,1,1,1,2,1,1,1,2,1,2,2,1,2,Bruno mars and his friends dancing in the street while singing,6,20,1,
9/16/21 18:06,1,2,1,2,1,1,1,2,2,2,2,2,1,1,2,1,1,1,1,1,2,2,2,2,2,2,2,1,2,2,2,2,1,2,2,2,1,2,,1,1,2,2,1,2,1,1,2,1,2,1,1,2,not sure,5,19,0,
9/16/21 18:39,2,1,1,2,1,1,1,2,1,1,1,1,2,1,2,1,2,2,2,2,1,2,1,1,1,1,2,2,2,1,2,2,1,1,2,1,1,2,,1,1,1,1,1,2,1,2,1,1,1,2,2,1,The weekend was singing into a microphone and letting champaign go. His face was blown up.,5,20,0,
9/16/21 19:24,2,2,1,2,2,2,1,1,1,2,2,1,1,2,2,1,2,2,1,1,1,2,2,1,2,1,2,1,1,1,1,1,2,1,2,2,2,1,,1,2,2,2,2,1,2,1,2,2,2,1,1,2,"She moves into different western looking places and they match what they is singing and it's about an following your ""arrow"" wherever it points",3,20,0,
9/17/21 8:32,2,2,1,1,1,2,1,2,2,1,1,1,2,2,2,1,2,1,1,1,1,2,1,2,2,2,2,2,2,1,2,1,2,2,1,2,2,2,,1,1,1,2,1,2,1,2,2,2,2,2,1,2,Lots of dancing,5,21,0,
9/17/21 10:26,1,1,2,2,2,1,1,2,2,2,2,1,2,1,2,1,1,1,2,2,2,1,2,1,2,2,1,2,2,2,2,2,2,2,1,2,2,1,,1,1,1,2,2,2,1,2,2,1,1,2,1,2,The woman went through a breakup,6,20,1,
9/17/21 10:46,1,1,1,2,2,1,1,1,1,2,2,1,2,1,1,1,1,2,2,2,2,1,2,1,1,1,2,1,2,1,2,2,1,2,2,2,2,1,,1,1,1,1,2,1,2,2,2,2,2,2,2,1,The first minute and a half of the video was a vehicle driving and there was no singing. Adele was on the phone with somebody and then hung up.,7,26,1,
9/17/21 11:41,1,1,1,2,2,2,1,2,2,1,2,1,2,1,2,1,2,1,2,2,1,2,2,2,2,2,1,2,2,1,2,2,1,2,1,1,2,1,,1,1,1,2,2,2,1,1,2,1,1,1,1,2,Madonna was walking around Italy. She was very sexualized. At one point there was a lion walking around.,3,19,1,
9/17/21 12:31,2,2,2,1,2,1,2,2,1,1,2,2,2,1,2,1,2,2,2,2,2,2,1,1,2,1,2,2,1,1,2,1,2,1,1,2,2,2,,1,1,1,1,1,1,1,1,1,1,1,2,2,2,She can‚Äôt forget her boyfriend who went to the jail,5,21,0,
9/17/21 12:43,2,2,1,2,1,1,1,1,1,1,2,1,2,1,1,2,2,2,1,1,1,1,2,1,2,2,2,2,2,1,2,2,1,1,2,1,1,1,,1,1,2,1,2,2,1,2,2,2,2,2,1,2,"The music video depicted a man and a woman in an abusive relationship, but they keep coming back to each other",5,21,0,
9/17/21 12:52,2,1,1,2,2,1,1,1,1,2,2,1,2,2,2,1,2,1,2,1,2,1,2,1,2,1,2,2,2,1,2,1,1,1,2,2,2,1,,1,1,1,1,2,1,1,1,2,1,1,2,2,1,"The majority of the video consisted of rihanna dancing in the rain, sometimes just dancing and sometimes dancing with an umbrella. Later in the video, she is joined by other dancers.",5,20,1,
9/17/21 13:24,2,1,1,2,2,1,1,2,1,1,1,1,2,1,2,1,2,1,2,2,2,1,1,1,2,2,1,1,2,1,2,1,1,2,1,1,2,2,,1,1,1,2,2,2,2,1,2,1,1,2,1,1,"Pharrell Williams and others danced around different parts of a city to his hit song ""Happy""",5,19,1,
9/17/21 13:42,1,1,1,1,2,1,2,1,1,1,2,2,1,1,1,1,2,2,2,2,2,2,1,2,2,2,1,1,2,1,1,2,1,1,2,2,1,1,,1,1,1,1,1,1,2,2,2,1,2,2,2,2,Lil Nas X rode on the horse through the street,5,20,1,
9/17/21 14:31,1,2,1,2,1,1,2,2,2,1,2,1,1,2,2,1,1,1,1,1,2,2,2,2,2,1,2,1,1,1,1,1,1,2,2,1,2,1,,1,1,2,1,2,2,1,2,2,2,2,2,1,1,All of the members of the black eyed peas performed their verses by themselves. All of the back up dancers had like color changing clothes with different patterns. Fergie had two different hairstyles and one of her outifts was a green liatard. The majority of the music video was zoomed in on the individuals faces. The parts that weren't were mostly 3D CGI graphics.,7,22,1,
9/17/21 15:12,2,2,1,2,1,1,2,1,2,1,1,1,1,2,2,1,2,2,2,1,1,2,1,1,2,1,2,2,2,1,2,1,1,1,2,1,1,1,,1,2,1,1,2,1,1,2,2,1,2,1,2,2,It was Rihanna preforming Umbrella. There many different scenes and and costumes.,3,20,0,
9/17/21 16:38,2,2,1,1,1,1,1,1,2,1,1,1,2,2,2,1,2,1,1,1,2,2,2,2,1,2,2,2,2,2,2,2,2,2,2,1,1,1,,1,1,1,2,2,2,2,2,2,2,2,2,1,2,It was a band on stage with one singer looking at the camera,4,22,0,
9/17/21 21:01,2,1,1,2,2,1,2,2,2,1,2,1,2,1,2,1,2,2,2,2,2,1,1,1,1,2,1,2,2,1,2,2,2,2,2,1,1,2,,1,1,1,2,1,2,1,1,2,1,1,2,2,2,It was a video by Justin Bieber say sorry to the females he hurt,1,24,1,
9/18/21 0:51,1,2,1,2,1,2,1,2,2,1,1,1,2,2,2,1,1,1,1,1,2,2,1,2,2,1,2,2,2,1,2,2,2,1,2,2,1,1,,1,1,1,2,2,2,1,2,2,2,2,2,1,2,Beyonce was singing and dancing with two other girls,3,20,0,
9/18/21 9:26,2,1,1,2,1,2,2,1,1,1,2,1,1,2,2,1,2,2,1,1,2,2,1,1,1,1,2,1,1,1,2,2,1,2,2,2,1,2,,1,1,2,2,2,2,1,1,1,2,2,2,1,2,She was a cheerleader who dated a football player. AFter a bad breakup she decided to burn his belongings by setting his room on fire.,5,21,0,
9/18/21 10:04,2,2,1,2,2,2,2,2,1,1,1,2,2,1,2,1,2,2,2,1,1,2,2,1,1,1,2,1,2,2,1,2,2,2,1,2,1,2,,1,1,1,1,2,1,1,1,2,2,2,1,1,2,Bruno mars and a bunch of male dancers danced on a street.,6,27,0,
9/18/21 11:10,1,1,1,2,2,1,2,1,2,2,1,1,1,1,2,1,2,2,2,2,2,1,1,1,2,1,2,2,2,1,2,2,2,1,2,1,1,1,,1,2,1,1,2,2,2,2,2,2,2,2,2,2,"Britney Spears was being a baddie- Sorry, she was some sort of spy going from being a flight attendant to riding a motorcycle to getting a vial for a guy.",6,19,0,
9/18/21 13:05,1,2,2,2,2,2,1,1,1,2,2,2,2,2,1,1,1,2,1,1,1,2,2,1,2,2,2,2,1,1,2,2,1,1,1,2,2,1,,1,1,1,1,2,1,2,1,2,1,1,2,1,1,Lady Gaga and Bradley Cooper's characters in the movie A Star is Born is shown meeting and glimpses of their life together in the movie. It flashes between pieces of their life and the first performance they do together at his concert of Ally's song Shallow.,7,21,0,
9/18/21 13:34,2,1,2,1,1,1,1,2,1,2,2,1,2,1,2,1,2,1,1,1,2,2,1,1,2,1,2,1,1,1,2,2,2,2,1,2,1,2,,1,1,1,2,2,2,1,2,2,2,2,2,1,1,Beyonce danced with her backup dancers in black leotards flashing her hand for someone to put a ring on it.,6,21,0,
9/18/21 13:34,1,1,2,2,2,1,2,2,1,1,2,1,2,2,2,1,2,2,2,2,2,2,1,1,2,2,1,2,1,2,2,2,2,2,1,1,1,1,,1,1,1,2,2,2,1,2,2,1,2,2,1,2,"The group black-eyes peas dances, snag, and use visual effects and graphics to depict lyrics and cool pictures.",4,22,1,
9/18/21 14:36,1,2,2,2,1,1,1,2,2,1,2,2,2,1,2,2,1,2,1,1,1,2,1,1,2,2,1,2,1,2,2,1,2,1,2,2,2,1,,1,1,2,2,1,1,2,2,2,1,2,1,1,1,Taylor is playing a magical piano that she climbs into and transports her from a room to a magical forest and then the ocean and then back to the room.,7,21,0,
9/18/21 14:43,2,1,1,2,2,1,1,1,1,1,1,1,2,1,2,1,2,2,2,2,1,1,1,1,2,1,2,2,2,1,2,2,2,1,2,1,2,2,,1,1,1,2,2,2,2,2,2,1,2,2,2,2,Kanye played the piano while a bunch of ballerinas in black danced,7,21,1,
9/15/21 8:53,1,2,2,2,2,2,1,1,1,2,2,2,2,2,2,2,1,1,2,1,2,2,1,1,2,2,2,2,2,1,2,2,2,1,2,1,2,2,1,0,1,2,1,2,1,2,2,2,2,2,2,2,2,pictures of Selena were on the screen with the lyrics to the song,5,19,0,
9/15/21 10:43,2,1,1,1,2,1,2,2,2,1,1,1,2,2,2,1,2,2,2,2,2,2,1,1,2,1,2,1,2,1,2,2,2,2,,1,2,1,1,0,1,1,2,2,2,2,2,2,1,2,2,2,2,Kendrick rapping,5,19,1,
9/15/21 10:53,1,2,1,2,2,2,1,2,1,1,2,1,2,2,2,1,2,2,2,2,2,2,2,1,1,2,2,2,2,2,2,2,2,2,1,1,1,2,1,0,1,1,2,2,2,2,1,2,1,1,2,2,1,"The main character was a boxer who was waking up in the morning to train to fight in a boxing match. It kept going back and forth between him training and him waking up the day before a fight eating food with his wife/girlfriend and their kid. Then, during the boxing match, she is packing up getting ready to leave him, and he ends up coming home to find that she had left.",5,20,1,
9/15/21 12:28,1,2,1,2,2,1,2,2,2,2,1,1,2,2,2,1,2,2,2,2,2,2,1,1,1,2,2,2,2,1,2,2,1,2,2,1,2,2,1,0,1,1,1,2,1,2,2,2,1,2,2,2,2,lil nas x rode around town on a horse until bill ray cryus showed up and they rode together to the desert.,6,21,0,
9/15/21 14:11,2,1,1,2,1,1,1,2,2,2,2,1,2,2,1,1,2,2,1,1,2,2,2,2,2,2,2,2,2,2,2,2,1,1,2,1,2,1,1,0,1,1,1,2,1,2,2,2,2,2,2,2,1,They sang and danced around,4,22,0,
9/15/21 16:32,1,2,1,2,2,1,1,2,2,2,1,1,2,2,2,1,2,2,2,2,2,1,2,2,2,2,2,2,2,2,2,2,2,2,1,2,2,1,1,0,1,1,2,2,1,1,1,1,1,2,2,1,2,Euphoric fun,5,21,0,
9/15/21 18:40,1,2,2,2,2,1,2,2,2,2,2,2,2,2,2,1,2,2,2,2,2,2,2,2,1,2,2,1,2,1,2,2,2,1,2,2,2,2,1,0,1,1,1,2,2,2,2,2,2,2,2,2,1,The weekend was driving around alot and experiencing the blinding experiences of some city,7,20,0,
9/15/21 20:54,2,2,1,2,2,2,2,1,1,1,2,2,2,2,1,1,2,2,2,2,2,2,1,1,2,2,2,1,1,1,2,2,2,2,2,2,2,2,1,0,2,1,1,2,2,2,2,2,1,1,2,2,1,she's trying to reconnect with someone,5,20,0,
9/16/21 11:58,1,2,2,2,1,2,1,2,1,1,1,2,2,1,2,2,2,2,2,2,1,2,2,1,2,1,2,1,1,2,1,2,2,2,2,2,2,2,1,0,2,2,1,2,1,2,2,1,2,2,1,2,2,Great,4,22,0,
9/16/21 12:52,2,1,1,2,2,1,1,2,2,1,1,2,2,2,2,1,2,2,2,2,2,2,1,2,2,1,2,1,2,1,2,2,2,2,2,2,2,2,1,0,1,1,2,2,2,2,2,2,2,2,2,2,2,There was a lot of different techniques and dances that was in this music video. There was a lot of different effects that they had used too.,4,21,0,
9/16/21 13:45,2,2,1,2,2,1,1,2,2,2,1,1,2,2,2,1,2,2,1,1,2,2,2,2,2,2,2,2,2,1,2,2,2,2,2,2,2,1,1,0,1,1,2,2,2,1,2,2,2,2,2,2,2,Adele is having flashbacks of an ex and she's beginning to miss him. I did not finish watching it because I've seen it many times already.,4,20,0,
9/16/21 14:31,2,2,1,2,1,1,1,2,1,2,1,1,2,2,2,1,1,2,2,1,2,1,2,2,2,2,2,2,2,1,2,1,1,2,2,2,2,2,1,0,1,2,1,2,1,2,2,1,2,2,2,1,2,John Legend- All of me,6,20,0,
9/17/21 13:39,1,2,2,2,2,2,2,1,2,2,2,2,1,2,1,1,1,2,2,2,2,2,2,2,2,1,2,2,2,1,1,1,2,2,2,2,2,2,1,0,1,1,2,2,2,2,2,2,1,2,1,2,1,A lot of people dancing and singing,7,20,0,
9/18/21 12:31,2,2,1,2,2,2,2,1,2,2,2,1,1,2,2,1,2,2,2,1,1,2,1,1,2,2,2,2,2,1,2,2,2,2,2,1,2,2,1,0,1,2,2,2,2,2,2,2,2,2,2,2,2,Well Alicia Keys was playing the piano and singing the song but the scenes would alternate between the piano scene and her walking down the street or on a bus.,5,23,0,
9/18/21 13:51,2,2,1,2,1,1,1,2,2,2,1,1,2,2,2,2,2,2,2,2,2,2,2,2,2,2,2,2,2,1,2,2,2,2,2,2,2,1,1,0,1,1,2,2,2,1,2,2,2,2,2,1,2,in the music video from what i saw he was dancing in some old fishing town and there was some guy with crazy hair,4,21,1,
9/15/21 9:37,2,2,2,1,2,1,1,2,1,2,1,2,2,2,2,2,2,1,1,1,2,2,1,2,2,1,2,1,1,1,2,2,2,1,2,2,2,1,2,0,1,1,2,1,2,1,2,2,2,2,2,2,2,A man starts the song off but the the woman comes on stage.This is from a movie,5,20,0,
9/15/21 13:46,1,1,1,2,2,1,1,2,1,1,1,1,2,2,1,1,1,2,2,2,2,2,2,2,2,1,2,2,2,2,2,2,2,2,2,2,2,2,2,0,2,2,2,2,2,2,2,2,1,1,1,2,1,He played piano and girls danced. Ive seen the video many times before.,7,21,1,
9/16/21 14:30,1,2,2,2,2,2,1,1,1,2,2,2,2,2,2,1,1,1,1,1,2,2,2,2,2,2,2,2,2,2,2,2,2,2,2,2,2,2,2,0,2,2,2,2,2,1,2,2,2,2,2,1,1,lots of dancing in a leotard.,4,19,0,
9/18/21 11:24,1,1,1,2,2,2,2,2,2,1,1,2,2,2,2,2,1,2,2,2,2,2,2,2,1,1,2,2,2,2,2,1,1,2,2,2,2,1,2,0,2,2,2,2,1,1,1,1,2,2,2,2,2,pretty girls singing,1,21,0,
9/15/21 7:43,2,2,1,2,1,1,1,2,2,1,1,1,2,2,2,1,2,2,2,2,2,2,1,2,2,1,2,1,2,2,2,2,2,2,2,1,2,2,,1,2,1,2,2,2,2,2,2,2,2,2,2,1,"The artist was singing and it kept showing a couple different scenes over and over again. First her driving in the car and then her laying on the floor and sometimes she was laying on what is assumed to by her ex or boyfriend. Occasionally, there was a small screen on a person that showed cute flashbacks.",5,21,1,
9/15/21 8:25,2,2,1,2,2,1,1,1,1,2,1,1,2,2,2,1,2,2,2,1,2,2,2,2,2,1,2,2,2,2,2,2,2,,2,2,2,2,,1,1,1,1,2,1,2,2,1,2,2,2,2,2,"Lots of action. Fire, cars, racing. And lots of different situations basketball game, white house, etc",7,20,0,
9/15/21 8:55,2,1,1,1,2,2,1,2,2,2,2,2,2,2,1,1,1,1,1,1,1,1,2,2,2,2,2,2,2,2,1,1,2,2,2,2,2,1,,1,1,2,2,2,2,2,1,2,2,2,2,2,1,"Olivia Rodrigo basically goes crazy after a breakup, burning her room (I did not watch the video in its entirety just, but I have seen the whole video before)",4,20,0,
9/15/21 8:58,2,2,1,2,1,2,2,2,2,2,2,1,2,2,2,2,2,1,1,1,2,2,1,2,2,2,2,2,2,1,2,2,2,2,2,2,1,1,,1,1,2,1,1,1,1,2,2,2,2,2,1,2,John sings and plays the piano while it pans to different scenes of him and his wife together.,4,20,0,
9/15/21 9:28,2,2,1,1,2,1,1,1,2,1,2,1,2,2,2,1,2,1,2,1,2,2,1,1,2,2,2,2,2,2,2,1,1,2,2,1,1,2,,1,1,1,2,2,2,2,2,2,1,2,2,2,2,Billie was asserting herself as in control of her own life even though she may allow other people to have her for a little while.,4,19,1,
9/15/21 10:47,2,1,1,2,2,1,2,1,2,1,2,1,1,1,2,1,2,1,2,2,2,1,2,2,2,2,1,2,2,2,2,2,2,2,1,2,2,2,,1,1,1,2,2,2,2,1,2,1,1,1,2,2,madonna was lying about being a virgin.,3,21,1,
9/15/21 11:08,2,2,1,2,2,2,1,2,2,2,2,2,2,2,2,2,2,1,2,1,1,2,2,2,1,2,2,2,2,1,2,2,2,1,2,2,1,2,,1,1,2,2,2,2,1,1,2,2,2,1,1,2,taylor swift was playing her piano and got transported into another world,7,20,0,
9/15/21 11:14,1,2,1,2,2,2,1,1,1,1,2,1,2,1,2,1,2,2,2,2,2,1,2,1,2,2,2,2,2,1,2,2,2,2,1,2,1,1,,1,1,1,2,2,2,2,2,1,1,2,2,2,1,"trucks, dogs, dirt roads, country stuff",6,21,1,
9/15/21 12:23,2,1,1,1,2,1,1,1,1,2,2,1,1,1,2,1,2,2,2,2,2,1,2,1,2,1,2,1,2,2,2,2,2,2,2,1,2,2,,1,1,1,2,2,2,2,2,2,1,2,2,2,1,Eminem was with a bunch of his friends rapping.,7,19,1,
9/15/21 12:46,2,2,1,1,2,1,1,2,2,2,1,1,2,2,2,1,2,2,2,1,2,2,2,2,2,2,2,2,2,1,2,2,2,2,2,2,2,1,,1,2,2,2,2,,1,2,2,2,2,2,2,2,Its from a movie and the two characters are in love,5,21,0,
9/15/21 12:50,1,2,2,2,2,2,2,2,2,2,1,2,1,2,2,1,1,2,2,2,2,2,2,2,2,2,2,2,2,1,2,2,2,2,2,2,2,2,,1,1,1,1,2,1,2,2,2,2,2,2,2,2,It was bruno mars and some other guys singing outside and there was women,4,18,0,
9/15/21 13:21,1,2,2,2,2,2,1,1,1,2,2,2,2,2,2,1,1,2,2,2,2,2,1,2,2,2,2,2,1,1,2,2,1,2,2,2,2,2,,1,1,2,1,2,1,2,2,2,2,2,2,2,1,"'- She was singing in a desert and their was a band that showed up and surronded her as she sang at times and she changed into a different outfit that had guns on her belt. During that part of the song about church, their was a dancing priest. A little girl came and gave her a ring at one point that she imeditaley put on her finger. There was a lot of random nature shots. She wore a red dress at one point and sat inside an arrow that was lit up. There was also a shot of soup at one point.",7,19,0,
9/15/21 13:21,2,2,2,1,1,2,1,2,2,2,2,2,2,2,2,2,2,1,1,1,1,1,2,2,2,2,2,2,2,1,2,1,2,1,2,2,2,2,,1,2,2,2,2,2,1,2,2,2,2,1,1,2,She was thrashing around while she sang and there was flashing lights,1,20,0,
9/15/21 13:49,2,1,1,1,2,1,2,2,2,1,1,1,2,2,1,1,2,2,2,2,2,2,2,1,2,2,2,2,2,2,2,2,1,2,2,1,2,1,,1,1,1,2,2,2,1,1,2,1,2,1,2,2,"Not really sure, lots of shots of an acoustic guitar being played in different locations",4,21,1,
9/15/21 14:01,2,1,2,2,2,1,2,2,1,2,2,1,2,1,2,1,2,2,2,2,2,2,2,1,2,2,1,2,2,1,2,2,1,2,2,1,1,1,,1,1,1,2,2,2,2,2,1,1,1,1,2,1,"Pharell was dancing and singing throughout the streets of wherver the video takes place, and he was expressing how happy he was through his actions.",7,20,1,
9/15/21 14:01,2,1,2,2,2,1,1,2,1,1,2,1,2,2,2,1,2,2,2,2,2,2,1,1,2,1,2,2,2,1,2,2,2,2,2,2,2,2,,1,1,1,2,2,2,2,2,2,1,1,2,2,2,He was singing about having one more night with a girl,5,20,1,
9/15/21 14:07,1,2,1,1,2,2,2,2,2,2,2,2,1,2,2,1,2,2,2,1,1,2,1,2,2,2,2,2,2,1,2,2,2,2,2,2,2,2,,1,1,1,1,2,2,2,2,2,2,2,2,2,2,Whitney Houston sat in a chair and sang the song as clips of the movie she was in played.,4,20,0,
9/15/21 14:10,1,2,2,2,2,2,2,2,1,2,2,1,2,1,2,1,1,1,2,1,2,2,2,2,2,2,2,2,2,2,2,2,2,2,2,2,2,2,,1,1,2,1,2,1,1,2,2,2,2,1,2,2,madonna was dancing around waiting  for a man to sweep off her feet and a lion was walking around too. She was in a regular outfit and a wedding dress and the man was in a lion mask.,7,20,0,
9/15/21 14:15,2,2,1,2,1,2,2,2,1,2,2,2,2,1,2,1,2,1,2,2,2,2,2,2,2,1,1,2,1,1,2,2,2,2,2,2,1,2,,1,1,1,2,1,2,1,2,2,1,2,1,1,1,the video switched from person to person while they danced and sometimes they were together,5,21,0,
9/15/21 14:19,2,2,2,2,2,2,1,2,2,2,2,2,2,2,2,2,1,1,2,1,2,2,1,1,2,2,2,2,2,2,1,2,1,1,2,2,2,2,,1,1,2,1,2,2,1,1,1,2,2,2,2,2,she got broken up with and reminisced about a milestone she'd hoped to share with him,4,20,0,
9/15/21 14:20,1,1,2,1,2,1,1,2,1,2,2,1,2,2,2,1,1,2,2,2,2,2,1,2,2,2,2,2,2,1,2,2,2,2,2,1,2,2,,1,2,2,2,2,2,1,2,2,2,2,2,2,2,motorcross,6,20,1,
9/15/21 14:22,2,2,1,2,1,2,2,2,2,1,1,2,2,2,2,1,2,2,2,1,1,2,1,2,2,2,2,1,2,2,2,2,1,2,2,2,2,2,,1,1,2,2,2,2,2,2,2,2,2,2,2,2,Fun with Dancing!,7,21,0,
9/15/21 14:41,2,1,1,1,1,1,1,1,2,2,1,1,2,2,1,1,2,2,2,2,2,2,1,1,2,2,1,2,2,1,2,2,2,2,2,2,2,2,,1,1,2,2,2,2,2,2,2,2,2,2,2,1,"Billie Eilish was on some absolute nonsense, the video seems intentionally eratic to stand out in the internet era..",6,20,1,
9/15/21 15:09,2,2,1,1,2,1,1,2,2,2,2,1,2,2,2,1,1,1,1,1,2,2,2,1,2,2,2,2,2,1,2,2,1,2,2,2,2,2,,1,1,1,2,2,1,2,2,2,2,2,2,1,2,Kayne west played the piano while girls wearing black dresses were around him,5,20,0,
9/15/21 16:21,2,2,1,1,2,1,2,1,2,2,2,1,2,1,2,1,1,2,2,2,2,1,2,2,2,2,1,2,2,1,2,2,1,2,2,2,2,2,,1,1,1,1,2,2,1,2,2,2,2,2,1,2,A cowboy went to the future and spread his cowboy knowledge. He raced and showed that his horse was better. Overall a really catchy song played.,4,20,0,
9/15/21 16:22,2,2,2,2,1,1,2,2,2,2,2,1,1,1,2,2,2,2,2,2,2,1,1,1,2,2,2,2,1,2,2,2,2,2,1,2,1,1,,1,2,1,2,2,1,1,1,2,2,2,2,1,2,"It was a short romantic movie, two people falling in love and fighting but going back to each other",2,22,1,
9/15/21 16:29,2,1,1,2,2,1,2,2,1,2,2,2,2,2,2,1,1,2,2,1,1,1,2,2,2,2,2,1,2,1,2,2,1,1,2,1,1,2,,1,1,1,2,2,2,2,2,1,2,2,1,2,2,Kesha went around dancing with people,5,20,0,
9/15/21 16:50,1,2,2,1,2,2,1,2,2,2,2,1,2,2,2,1,1,1,1,1,1,1,2,1,2,2,2,2,2,2,2,2,2,2,2,2,2,1,,1,1,2,2,2,2,1,1,2,2,2,2,1,2,The music video was really just a picture of Selena Gomez and the lyrics were on the side.,2,19,0,
9/15/21 18:49,2,2,1,2,2,1,2,2,1,1,2,2,2,1,1,1,1,1,2,2,2,2,2,1,2,2,2,2,2,2,2,2,2,1,2,1,2,2,,1,2,1,1,2,1,2,2,2,1,1,2,1,2,"The band looked like they were trying to imitate putting on a live performance. The video was in black and white. The main shots focused on the lead singer who seemed to be experiencing loss. Interspliced were shots of a woman who seemed to be experiencing the same feelings of loss. In short, the music video seemed to be about the separation of a couple and the depressing feelings they felt because of that separation.",4,21,1,
9/15/21 20:34,2,2,2,2,1,2,2,2,2,1,2,1,2,2,2,1,2,2,2,2,2,1,2,2,2,1,2,1,2,1,1,2,2,2,2,2,1,2,,1,1,1,2,1,2,1,2,2,2,2,1,2,2,"the two were seen singing on stage, she was timid at first and then got more comfortable. the audience was cheering. But it switched back and forth between the stage scene and clips and scenes from their lives. anger, happiness, and a whole lot of emotions can be seen in these cips.",4,21,0,
9/15/21 21:37,2,1,1,2,2,1,2,2,1,1,1,1,2,1,2,1,2,2,1,2,2,1,2,1,2,2,2,2,2,2,2,2,2,2,2,1,2,2,,1,1,1,2,2,2,2,1,2,1,1,1,2,2,The weeknd was walking around as a zombie looking for his lover.,4,20,1,
9/16/21 0:00,2,2,1,1,1,2,1,1,2,2,2,2,2,2,2,1,2,2,2,1,2,2,1,1,1,1,2,2,2,1,2,2,2,2,2,2,2,2,,1,1,1,2,2,2,2,2,2,2,2,2,2,2,Dancing with a car in the street,4,20,0,
9/16/21 4:26,2,2,2,2,2,2,1,2,2,2,2,2,2,1,2,1,2,2,1,1,2,2,2,1,2,2,2,1,2,1,2,2,2,2,2,1,1,2,,1,1,1,2,1,1,2,2,2,2,2,2,2,2,This music video was of the lead singer of Zac Brown Band reminiscing his childhood. We watched his childhood turn into his future in a way. He was showing tribute to people who were in the military through this music video since his father was in the military.,5,20,0,
9/16/21 6:38,1,2,2,2,1,2,1,2,2,1,1,1,2,2,2,1,1,2,2,2,1,2,2,2,2,2,2,1,1,1,2,2,1,2,2,2,2,1,,1,1,1,2,2,2,1,2,2,2,2,2,1,2,Ariana Grande singing about boys,3,21,0,
9/16/21 8:16,2,2,1,1,2,2,1,1,2,2,2,2,2,2,2,2,1,2,2,1,2,2,2,1,1,2,2,2,2,2,1,2,2,2,2,1,2,1,,1,1,2,1,1,2,2,2,2,2,2,2,2,2,"Olivia ended up burning down what is inferred to be her ex-boyfriend's room/house, with various scenes of her at cheer, in a classroom, convenience store, etc. A lot of it was modeled after multiple movies from the 70s/80s, primarily jennifer's body",5,20,0,
9/16/21 13:52,2,2,2,2,2,2,1,2,1,2,2,2,2,2,2,1,1,2,2,1,2,2,1,2,2,2,2,1,2,2,2,2,2,1,2,2,2,2,,1,1,2,2,2,2,1,2,2,2,2,2,2,2,a picture of Selena laying on the ground kept flashing with colored lights and the lyrics to the song were shown to the right of the picture,5,20,0,
9/16/21 15:04,2,2,1,2,1,1,2,2,2,1,2,1,2,1,2,1,2,2,2,2,2,2,2,2,2,2,2,2,2,2,2,2,1,2,1,2,1,2,,1,1,1,1,2,2,2,2,2,2,2,1,1,2,The artists was rapping about women and their moods,5,19,1,
9/16/21 17:56,1,2,1,2,2,2,2,2,2,2,2,2,2,2,2,1,1,1,1,1,2,2,2,2,2,2,2,2,2,2,2,2,2,2,1,1,1,2,,1,1,2,2,2,2,2,2,2,2,2,2,2,2,Miley Cyrus was singing the song by herself in various settings,5,21,0,
9/16/21 21:21,2,1,1,2,1,1,1,2,1,1,2,2,2,1,2,1,2,2,2,2,1,1,2,2,2,2,1,2,2,2,2,2,1,2,2,1,1,1,,1,1,1,2,2,2,2,2,2,2,2,2,2,1,Lil Nas X and Billy Ray Cyrus were enjoying a sunny day out singing along to their hit that transcended hip-hop and country vibes.,6,22,1,
9/16/21 21:34,2,2,2,2,2,2,2,2,2,1,2,2,2,2,2,1,2,2,2,1,2,2,1,2,2,2,2,1,2,1,2,2,2,1,2,2,2,2,,1,1,2,1,2,1,2,2,2,2,2,2,2,2,There was a bunch of water glasses covering the ground and a girl dancing and Adele was singing in a chair and there was something burning at the end,6,20,0,
9/17/21 6:28,1,2,1,1,2,2,2,2,2,1,2,1,2,2,2,1,2,2,2,1,2,2,2,2,2,2,2,2,2,2,2,2,1,1,2,2,2,2,,1,1,2,2,2,1,1,2,2,2,2,2,2,2,There were lots of fast cars that men were racing. At one point they were all dancing together in a dark alley in front of the cars,7,19,0,
9/17/21 10:24,2,2,1,2,2,1,2,2,1,1,2,1,2,2,2,1,2,1,2,1,1,2,2,2,2,2,2,2,2,2,2,2,2,2,2,2,1,1,,1,1,1,1,2,2,1,2,2,2,2,2,2,2,"The music video was a parody video of mean girls, and legally blonde and Ariana Grande is singing through each of the scenes and acting out the roles from the movies.",5,20,0,
9/17/21 10:30,2,1,1,2,1,1,1,2,2,1,2,1,2,1,2,1,2,2,2,2,1,2,2,1,2,2,2,2,2,1,2,2,1,2,2,2,2,2,,1,1,1,2,2,2,2,1,2,1,2,1,2,2,The Weeknd was signing to crowd filled with masked people while he was on stage with his face looking deformed,4,22,1,
9/17/21 13:53,1,2,1,1,2,1,1,1,1,2,2,2,1,2,1,2,2,1,1,1,2,1,2,1,2,2,2,2,2,1,2,1,2,2,2,2,2,2,,1,1,1,2,2,2,2,2,1,2,2,2,2,2,a lot,7,19,0,
9/17/21 15:20,2,2,1,1,2,2,1,2,2,1,2,1,2,2,2,1,2,2,2,1,2,2,2,2,2,2,2,2,2,2,2,2,2,2,2,2,2,1,,1,1,1,2,2,2,1,1,2,1,1,2,1,2,"Adele was on the phone, lost connection, and walked into an old home and starting dusting everything off.",4,20,0,
9/17/21 15:25,2,2,1,2,2,2,1,2,1,1,2,2,2,1,2,1,2,1,2,2,2,2,2,1,2,2,1,2,2,2,2,2,2,2,2,1,2,2,,1,1,1,2,2,2,2,2,2,2,2,2,2,2,"In this video it seemed like it was the African-American community being abused by the cops. It was black and white and was very eye opening. It showed different signs of abuse from these cops and the unnecessary killings of the African-Americans. It also showed a unity of the African-American community, and that they would be alright if they stick together.",4,20,1,
9/17/21 15:32,2,2,1,2,2,2,1,2,1,1,2,2,2,2,2,1,2,2,2,1,2,1,2,1,2,2,2,2,2,2,2,2,2,2,2,2,2,2,,1,1,1,2,2,2,2,1,2,1,2,2,2,2,Taylor swift was playing a piano in what looked like a rain forrest.,3,22,1,
9/18/21 6:32,1,2,1,2,2,2,2,2,1,1,2,1,1,1,2,1,2,1,1,1,2,2,2,1,2,2,2,2,2,2,2,2,1,2,2,2,2,2,,1,1,1,2,2,2,1,2,2,2,2,2,2,2,"This was actually a more simple music video. Although the dance moves were difficult, production wise, it is just three women dancing in a blank space.",4,21,0,
9/18/21 7:37,2,1,1,2,2,1,2,2,2,2,2,1,2,2,2,1,2,2,2,2,2,2,1,2,2,2,2,1,2,2,2,2,1,2,2,2,2,2,,1,1,1,2,2,2,2,2,2,2,2,2,2,1,"There was a lot of special effects and movement, flashing lights that brought in peoples attention.",7,19,1,
9/18/21 12:53,1,2,1,2,2,2,2,2,2,1,1,1,2,2,2,1,1,1,2,1,1,2,2,2,2,2,2,2,2,1,2,2,2,2,2,2,2,1,,1,1,1,2,2,2,1,2,2,2,2,1,2,2,The spice girls were running around in a fancy place they weren't supposed to be in singing and having fun,3,21,0,
9/18/21 12:53,1,1,1,2,2,2,1,2,2,2,1,1,2,2,2,2,1,2,2,1,2,2,2,2,2,2,2,2,2,2,2,2,1,2,2,2,2,1,,1,1,1,2,2,1,1,2,2,2,2,2,2,1,"Madonna was in Venice singing about her romantic life and portraying ""the ideal virgin"" on her wedding day. Her love interest was portrayed as a lion, which probably symbolized his strength and prowess.",7,21,0,
9/15/21 9:06,2,1,2,2,2,2,2,2,2,2,2,1,2,2,2,2,2,2,2,2,2,2,2,1,2,1,2,2,2,1,2,2,2,2,2,2,2,2,1,0,2,1,2,2,2,2,2,2,2,1,1,2,2,Man had plastic surgery and it was very moody.,3,19,1,
9/16/21 3:38,2,2,2,2,2,2,2,2,2,2,2,2,2,2,2,2,2,2,2,2,2,2,2,2,2,2,2,2,2,2,2,2,2,2,2,2,2,2,2,0,2,2,2,2,2,2,2,2,2,2,2,2,1,"it is a rape, he seems did something illegal (liekly drugs, drugs) and got caught",4,23,1,
9/16/21 20:01,2,2,2,2,2,2,1,2,2,2,2,2,2,2,2,2,2,2,2,2,2,2,2,2,2,2,2,2,2,1,2,2,2,2,2,2,2,2,2,0,2,2,2,2,2,2,2,2,2,2,2,2,2,car,4,19,0,
9/18/21 11:27,1,2,2,2,2,1,2,2,2,1,1,2,2,1,2,1,1,2,2,2,2,2,2,2,2,2,1,2,2,2,2,2,2,2,2,2,2,2,2,0,2,2,2,2,2,2,2,2,2,2,2,1,2,"It was a lyrical video, it just had the lyrics of the song on the side with an image of Selena Gomez.",4,21,0,
9/15/21 13:42,1,2,2,2,2,2,2,2,2,2,2,2,2,1,2,1,2,2,2,1,2,2,1,1,2,2,2,2,2,2,2,2,2,2,2,2,2,2,,1,1,2,2,2,2,2,2,2,2,2,2,2,1,Lyrics played while a picture of Selena Gomez was on the screen. Lights and different colors bounced with the music.,5,20,0,
9/15/21 14:02,2,2,1,2,2,2,2,2,2,1,2,2,2,2,2,1,2,1,2,2,1,2,2,1,2,1,2,2,2,2,2,2,2,2,2,2,2,2,,1,1,1,2,2,2,2,2,2,2,2,2,2,2,"There were many switches in the camera, but a lot of Harry Styles because that is what most of his fans want to see",3,19,1,
9/16/21 12:00,2,2,2,2,2,2,1,2,2,2,2,2,2,2,2,1,2,2,1,1,2,2,2,2,2,2,2,2,2,2,2,1,2,2,2,2,2,2,,1,1,1,2,2,2,2,2,2,2,2,2,2,2,Kesha is dancing and dressed like she has been partying. She is in and out of party scenes.,5,18,1,
9/17/21 14:13,2,2,1,2,2,2,2,2,2,2,2,1,2,2,2,1,1,2,2,2,2,2,2,2,2,2,2,2,2,2,2,2,2,2,2,2,2,2,,1,2,1,2,2,2,1,2,2,2,2,2,2,2,the girl was singing and visited some cool event like a dirt bike show a football game and danced with shirtless duded,4,19,0,
9/18/21 11:36,2,2,2,2,2,1,1,2,2,2,2,2,2,1,2,1,2,2,2,2,2,2,2,2,2,2,2,2,2,2,2,2,2,2,2,2,2,2,,1,1,1,2,2,2,2,2,2,1,1,2,2,2,flashbacks of her life,3,21,1,